,carbon dioxide,methane,nitrous oxide,isoprene,ammonia,sulfur dioxide,acetaldehyde,trichloroethylene,methylethylketone,black carbon,benzene,tropospheric ozone,ethanol,acetone,carbon monoxide,HFC-161,HFC-152,HCFC-151,HCFC-141a,HCFC-131,methylbromide,HCFC-31
2024,9.191269150162721e-14,9.257604646163275e-12,2.2364638846964556e-11,1.5222453351602993e-14,2.764277680420354e-13,1.1487724396773337e-13,2.738863561813249e-13,3.9250107716823216e-14,4.138363857216819e-13,3.354758802942119e-09,4.5911254178566004e-14,6.155597803778213e-12,2.9494563550849068e-12,2.2164102448971244e-12,2.3911233231847704e-13,3.3713247018177222e-12,9.708723766409825e-12,4.398795993839705e-12,5.946114854054693e-12,9.573112504435119e-12,6.210743574828392e-13,1.332090982820467e-11
2025,1.1707593285082467e-13,1.1942986880002634e-11,2.8005212013688098e-11,3.606569737900742e-14,6.535103596758071e-13,2.6518806827222757e-13,6.209286832677682e-13,8.826466524670867e-14,9.284422444020404e-13,7.50473062755802e-09,1.0153041052224313e-13,1.263574905307294e-11,6.0522000480892544e-12,4.311754049730359e-12,4.4095801254446604e-13,6.1614869510787405e-12,1.6171077886947018e-11,7.23003797592356e-12,9.75715933171171e-12,1.4970401187559488e-11,9.646878410397126e-13,2.0438658326590852e-11
2026,1.12828537886755e-13,1.1720853946390805e-11,2.7378949578358853e-11,3.6804971297868355e-14,6.666366670679535e-13,2.6895008309841437e-13,6.267410905398034e-13,8.890536619744311e-14,9.34626421448601e-13,7.54925574401976e-09,1.0184576302052486e-13,1.2484036588520592e-11,5.9791610994231154e-12,4.2264948292873034e-12,4.2988452559104233e-13,6.002529519742832e-12,1.567792582761838e-11,7.00597365771337e-12,9.454178994407883e-12,1.4476746936770685e-11,9.32581141015838e-13,1.9746427198685253e-11
2027,1.0803233800372225e-13,1.114188218991786e-11,2.598027793159555e-11,3.53774765279327e-14,6.408809940249956e-13,2.5896796149110253e-13,6.042736979240659e-13,8.577588130711498e-14,9.01911375252211e-13,7.286872631443593e-09,9.84117630403092e-14,1.2151814100374104e-11,5.8202314035756434e-12,4.129252378672427e-12,4.2049501430150004e-13,5.8710035778417305e-12,1.5256049861165862e-11,6.808521761410344e-12,9.186157576983786e-12,1.3987396087752723e-11,9.002795404932494e-13,1.903217879944095e-11
2028,9.11255454825455e-14,9.548324574432792e-12,2.2412776392571656e-11,2.9523567781630937e-14,5.345952054841356e-13,2.1507475548222587e-13,5.00616682906119e-13,7.099727720292547e-14,7.463352687906141e-13,6.0281624821355565e-09,8.132589683461294e-14,9.996791093231112e-12,4.787986665294366e-12,3.3901390246458703e-12,3.446037081178306e-13,4.8099561512555346e-12,1.2470762399989769e-11,5.565221315202645e-12,7.508689886658567e-12,1.144423435278026e-11,7.368160595710656e-13,1.5587016462105946e-11
2029,7.658259514670598e-14,8.100507091288226e-12,1.9204224590816507e-11,2.1803900440186207e-14,3.945077581108553e-13,1.5844666337906952e-13,3.6907127429049415e-13,5.235964672651116e-14,5.504676483955303e-13,4.4466713005665545e-09,6.001856950079734e-14,7.408144230122525e-12,3.5482505585143282e-12,2.526247326063557e-12,2.5898759139844943e-13,3.6212056010483464e-12,9.59804335331415e-12,4.299086836620769e-12,5.803111933980422e-12,8.973926837972921e-12,5.790282096156863e-13,1.2298591547682907e-11
2030,7.88531039477831e-14,8.528748598823056e-12,2.0032882350723362e-11,2.9448782039054246e-14,5.33129202097917e-13,2.1384699004001677e-13,4.954818216248044e-13,7.009013679521814e-14,7.36223850971409e-13,5.940646440314995e-09,7.98125985479787e-14,9.501069766829166e-12,4.549798536488781e-12,3.1462642301492498e-12,3.133313439129112e-13,4.360351040335752e-12,1.1059301042120585e-11,4.9268845825901155e-12,6.646192841371552e-12,1.0099843656511037e-11,6.50233141651059e-13,1.375730690729472e-11
2031,7.093254190285041e-14,7.520060128115182e-12,1.7791050140660386e-11,1.9781196286146177e-14,3.5790404312008246e-13,1.429462734486752e-13,3.3138783582615846e-13,4.692669253348552e-14,4.931030743137634e-13,3.980916467415933e-09,5.361670741225069e-14,6.570822692335925e-12,3.147167150151941e-12,2.2421866507460065e-12,2.310730390645596e-13,3.2352459261965394e-12,8.758921418802988e-12,3.938636889338882e-12,5.319195982993216e-12,8.348026107350888e-12,5.397393881651147e-13,1.1505320691222117e-11
2032,7.682336008040186e-14,8.026372031476153e-12,1.8771068025874862e-11,2.2029611625069715e-14,3.989903244076551e-13,1.6107707137034236e-13,3.759858478789816e-13,5.339543652657586e-14,5.615364900802317e-13,4.537935931401652e-09,6.136155344404148e-14,7.716654225435684e-12,3.696442857545455e-12,2.6790719235105382e-12,2.795316177169248e-13,3.919104647659634e-12,1.06039173242393e-11,4.757051797061775e-12,6.42235692036657e-12,9.949508383416836e-12,6.418177694386877e-13,1.3621540388529454e-11
2033,7.215845668948107e-14,7.710618291565947e-12,1.7962690534276297e-11,2.6589460606247854e-14,4.810103899413014e-13,1.9237832442546453e-13,4.4624259053644826e-13,6.318873712350432e-14,6.639560232711816e-13,5.359868639047841e-09,7.215423192216847e-14,8.752091369805728e-12,4.191567369736689e-12,2.940667030349074e-12,2.962402683588423e-13,4.1288153061444946e-12,1.055612197475837e-11,4.7024326260394915e-12,6.343229517775567e-12,9.610843992444003e-12,6.18290727830699e-13,1.3061203437809059e-11
2034,6.453784314423827e-14,6.653642760716794e-12,1.5616061126970445e-11,2.1267001863228862e-14,3.84556901932305e-13,1.5262201199679935e-13,3.520397041691402e-13,4.9735679091283046e-14,5.222673344885144e-13,4.212865632230937e-09,5.655201916151866e-14,6.777935542586124e-12,3.2459976459578054e-12,2.2737060118455363e-12,2.3012985848087735e-13,3.2118669783090028e-12,8.399044918418061e-12,3.757183305507886e-12,5.0708465214842966e-12,7.808560728483512e-12,5.035221826442512e-13,1.068200170711988e-11
2035,6.737234273609236e-14,7.123552845877056e-12,1.6543753149166252e-11,2.4430359151100896e-14,4.4207319011499734e-13,1.7683554986156457e-13,4.0963412080530714e-13,5.795809610599349e-14,6.08842565858811e-13,4.9134038540941424e-09,6.605539760168646e-14,7.945387897400838e-12,3.8051089454361044e-12,2.6643608174599796e-12,2.691562758904862e-13,3.754652376759977e-12,9.72484957873555e-12,4.3408251710926914e-12,5.8568787265003595e-12,8.929492832384848e-12,5.748518256280286e-13,1.2156819730166808e-11
2036,6.561424252425331e-14,6.8698981868373154e-12,1.590022188286511e-11,2.6728348865177756e-14,4.837952596402976e-13,1.935547306888683e-13,4.476603262478551e-13,6.327998486700612e-14,6.645615840741778e-13,5.361173853562419e-09,7.197020380732085e-14,8.566798214517762e-12,4.1024746505564505e-12,2.8467178699570734e-12,2.844854079741117e-13,3.960568355164095e-12,1.0021459746830568e-11,4.456744775736037e-12,6.010502290269653e-12,9.038539601966572e-12,5.807418416060433e-13,1.2238354486557704e-11
2037,5.331623356574173e-14,5.5409438128881975e-12,1.2965630610477486e-11,2.1017425923433095e-14,3.8009125033420466e-13,1.5083320745867653e-13,3.4746907096728247e-13,4.9053506082145843e-14,5.149841206910511e-13,4.152884188919853e-09,5.567445224025896e-14,6.59160118417896e-12,3.15652663598947e-12,2.1842957895637416e-12,2.1773440081600818e-13,3.0300665995631956e-12,7.648317481894296e-12,3.401659809332131e-12,4.587683761564072e-12,6.9122486397243385e-12,4.443443314032173e-13,9.373868282115686e-12
2038,4.69773341064259e-14,4.937471208591464e-12,1.1621168708488549e-11,1.895403941463061e-14,3.42832958847557e-13,1.3590014256765264e-13,3.122926387184934e-13,4.4028352101965014e-14,4.620403714541883e-13,3.7240519362324017e-09,4.9821238585786645e-14,5.8206778475985e-12,2.7871897073414313e-12,1.914543190039217e-12,1.9000035924020513e-13,2.6430181793585765e-12,6.68055692851382e-12,2.974142801046294e-12,4.011643496204207e-12,6.074218514020095e-12,3.907982528913989e-13,8.257314402377215e-12
2039,4.699964952672358e-14,5.062979432239499e-12,1.1845107898337501e-11,1.896228760550727e-14,3.4307049689039847e-13,1.3649726134679992e-13,3.1442526487380075e-13,4.437027840833521e-14,4.657477226978611e-13,3.7550858188386336e-09,5.0294523839486836e-14,5.909695405668868e-12,2.8298808753470077e-12,1.9499809922400607e-12,1.9406313533122485e-13,2.7007242254489146e-12,6.8505887207460895e-12,3.05068155626943e-12,4.114999851276076e-12,6.231845163348494e-12,4.009035011724923e-13,8.46876012086918e-12
2040,4.713815556481696e-14,5.040787778113415e-12,1.1745531703593247e-11,1.9538015073765492e-14,3.5334573198322186e-13,1.4028145542113513e-13,3.230674825099358e-13,4.5596579677899055e-14,4.786499802178516e-13,3.859444891682719e-09,5.1714411316983594e-14,6.096361943277763e-12,2.919304242520276e-12,2.0140929772053524e-12,2.004265582581062e-13,2.7888638038838287e-12,7.045661324580059e-12,3.1344922331144305e-12,4.227507808594223e-12,6.373972484309612e-12,4.0975125300670334e-13,8.643870682821396e-12
2041,4.6928285742998206e-14,4.911862828747271e-12,1.1414960137314101e-11,1.941211621723708e-14,3.510964304932578e-13,1.3924360867192327e-13,3.2024053085537155e-13,4.516783024466298e-14,4.74056017207149e-13,3.821466382187764e-09,5.115349877753764e-14,5.987206124187244e-12,2.866934168177531e-12,1.9682400113728615e-12,1.948879156446381e-13,2.709414944431851e-12,6.778397429917788e-12,3.011205697883146e-12,4.0604981974242065e-12,6.090959291240505e-12,3.9129227581516695e-13,8.244631397326136e-12
2042,4.2157585882836005e-14,4.4216092664471594e-12,1.0318785130114938e-11,1.793411371672515e-14,3.2395925591162163e-13,1.2725124278202718e-13,2.9099209118709593e-13,4.0947801188752784e-14,4.2949103971733085e-13,3.459574346893861e-09,4.61777804291284e-14,5.3373170390314236e-12,2.5556225261871688e-12,1.744512175240591e-12,1.7200214578490308e-13,2.3898802654444007e-12,5.960997353527963e-12,2.6482194204862324e-12,3.5710796318783008e-12,5.364120864486962e-12,3.4471444380832223e-13,7.26827445848845e-12
2043,3.7960650634030954e-14,4.1359416418831024e-12,9.668842424335834e-12,1.6024677477081074e-14,2.8976680906658973e-13,1.1460912221869756e-13,2.629789712858034e-13,3.7048096887378335e-14,3.8870021596202175e-13,3.1320379123021188e-09,4.1851336883639626e-14,4.8500253899375965e-12,2.3223135606190124e-12,1.5873853184953914e-12,1.5687334161494165e-13,2.180765729144794e-12,5.477769430446908e-12,2.436628259223091e-12,3.2862826557563995e-12,4.961077582263453e-12,3.1904732023680415e-13,6.736059491322882e-12
2044,3.716123350224943e-14,4.051364859969691e-12,9.450895733455231e-12,1.5783300772231177e-14,2.852729037552965e-13,1.1284997756622635e-13,2.593895317980617e-13,3.6573977335595704e-14,3.8382264665637525e-13,3.0936941603314867e-09,4.138957026147785e-14,4.82824317574926e-12,2.311947849455034e-12,1.58656680694441e-12,1.5744944901675409e-13,2.1903693118064487e-12,5.540113866451154e-12,2.4662181162465713e-12,3.3264795946272413e-12,5.030571535326636e-12,3.2355156738325364e-13,6.831836508964164e-12
2045,3.785154561940119e-14,3.973139038285543e-12,9.243847218865716e-12,1.6465051797472347e-14,2.977410844152977e-13,1.179699921284863e-13,2.714406262473463e-13,3.829560999369394e-14,4.019623708158942e-13,3.240635525966659e-09,4.3396286978510176e-14,5.090813097954741e-12,2.437725085149789e-12,1.6756071240208883e-12,1.660982524007002e-13,2.3096437953325494e-12,5.79476336666968e-12,2.5755512326987507e-12,3.4732561785394064e-12,5.219272862605305e-12,3.35362925193094e-13,7.068475482991164e-12
2046,3.4703203441823793e-14,3.662155224284741e-12,8.540851583992318e-12,1.5268911664338998e-14,2.761647422250652e-13,1.0967805905887098e-13,2.524888276077354e-13,3.562240465305052e-14,3.739006344686909e-13,3.0143556301381235e-09,4.0362388599179834e-14,4.7359301539140014e-12,2.267806625390675e-12,1.5614483124756822e-12,1.5518588604330419e-13,2.1589275082301217e-12,5.437963622167673e-12,2.4176331816867506e-12,3.260385891629545e-12,4.900127114157399e-12,3.148325808677945e-13,6.63450187798377e-12
2047,3.2344011656214286e-14,3.3806206716742704e-12,7.904199722903701e-12,1.524173431380949e-14,2.7583194569145066e-13,1.0988640270311421e-13,2.5318917751867023e-13,3.5725011206805035e-14,3.749766826986867e-13,3.0229612234980526e-09,4.0465527576071306e-14,4.712913065973041e-12,2.2566655742112063e-12,1.5399895132859227e-12,1.513862713794171e-13,2.101892578710665e-12,5.184176860344746e-12,2.298151309520327e-12,3.0981583060863098e-12,4.611669268121176e-12,2.9593677783804124e-13,6.223093938194048e-12
2048,2.8395584197001518e-14,2.877431268313845e-12,6.810453302962307e-12,1.2503955075734962e-14,2.2597474966270823e-13,8.927196288525424e-14,2.0523855503249853e-13,2.894358672666724e-14,3.0376001352007527e-13,2.448499285083342e-09,3.276240744305729e-14,3.811623292853149e-12,1.82509848966062e-12,1.2453754431322422e-12,1.2257394399447464e-13,1.7024828925564914e-12,4.22778136577475e-12,1.8768662065975143e-12,2.530690731154663e-12,3.790540796753188e-12,2.434884930538995e-13,5.129965894135757e-12
2049,2.6976911958364514e-14,2.779965013497956e-12,6.578512067795891e-12,1.0674594383410129e-14,1.931991311384449e-13,7.702953333873614e-14,1.774842182606084e-13,2.5041482191894765e-14,2.6283614601841193e-13,2.1188799912980612e-09,2.836299121704018e-14,3.310412578286797e-12,1.5851416950322867e-12,1.0856788883454875e-12,1.0734395545294987e-13,1.4921887596566987e-12,3.74049267011199e-12,1.6629479298161104e-12,2.2426597791984715e-12,3.3777901214369203e-12,2.1715396222112631e-13,4.582140747496531e-12
2050,2.555422386392273e-14,2.7083595037408348e-12,6.406671590459181e-12,1.0855412004428818e-14,1.9626684608175349e-13,7.734845075387486e-14,1.7704890756143681e-13,2.492382118207262e-14,2.6144784224835733e-13,2.1062461232126503e-09,2.8126353947148414e-14,3.2518099712093342e-12,1.5570266756849544e-12,1.0616425754338881e-12,1.0457478455729749e-13,1.4528639438425352e-12,3.625135602154331e-12,1.6110038189704007e-12,2.1725097404122814e-12,3.2698895796026442e-12,2.102193427541056e-13,4.436215285612079e-12
2051,2.44905636866661e-14,2.4120713707376767e-12,5.746871125165304e-12,9.899028075768262e-15,1.7890936582814943e-13,7.036515754484446e-14,1.6086907740473192e-13,2.2630174081932584e-14,2.373362155584775e-13,1.911479753010655e-09,2.5496918264754008e-14,2.9334351473101558e-12,1.4045710678620539e-12,9.579847535499167e-13,9.46302468354975e-14,1.3155815579758169e-12,3.3134229182413604e-12,1.474936988666462e-12,1.9894406359398816e-12,3.0145673818533075e-12,1.9400305443908786e-13,4.101773551541639e-12
2052,2.432144842875811e-14,2.4670575342058792e-12,5.851406217299978e-12,9.959303292820339e-15,1.8005943625626518e-13,7.087339547017703e-14,1.6187084183290044e-13,2.2760101467461788e-14,2.386652950713063e-13,1.9218512856977188e-09,2.561737034077564e-14,2.933479553291577e-12,1.4045618842362073e-12,9.554733864275194e-13,9.426660713596102e-14,1.3104639569840258e-12,3.3081258240684116e-12,1.4736459952094217e-12,1.987889961663116e-12,3.0219917862917532e-12,1.9457750646577917e-13,4.1176307129420405e-12
2053,2.4514020542193074e-14,2.5661169825460834e-12,6.045833404840077e-12,8.38931456082925e-15,1.5157782393273915e-13,6.003831611824467e-14,1.3844174030997332e-13,1.955371080573888e-14,2.0531165066984661e-13,1.6559389176601252e-09,2.221539672488089e-14,2.6461338047857665e-12,1.2672065767723304e-12,8.831395117924804e-13,8.895878539845274e-14,1.2406480394357642e-12,3.2247984996714733e-12,1.4417645417205432e-12,1.9457412206982255e-12,2.9924180145767003e-12,1.9294290450860399e-13,4.092703403434946e-12
2054,2.6254286257740453e-14,2.757666843958225e-12,6.4279751993555664e-12,9.905074921225703e-15,1.790665179180773e-13,7.111649479123031e-14,1.6411094512945899e-13,2.3179794328333465e-14,2.4337796516641267e-13,1.9628501147048176e-09,2.6321094773545436e-14,3.1126265985028607e-12,1.4905458082222481e-12,1.033581172497334e-12,1.037630231076819e-13,1.4464213321708374e-12,3.7332811556658094e-12,1.666223805004529e-12,2.248139847732409e-12,3.427826228224652e-12,2.2068553886697762e-13,4.667644723164208e-12
2055,2.4459931121069917e-14,2.617010601045673e-12,6.086534366370324e-12,1.0229835481150461e-14,1.8517178480435498e-13,7.382123026109662e-14,1.7018339036707987e-13,2.40258144084652e-14,2.522280240520472e-13,2.0339173354923195e-09,2.7260017731121076e-14,3.2163988362734794e-12,1.5402106991158035e-12,1.0629058050409325e-12,1.0568120998669438e-13,1.470086141369309e-12,3.6946081561467394e-12,1.6420777063667955e-12,2.214410455645616e-12,3.32695438648347e-12,2.137713087146217e-13,4.505788145644772e-12
2056,2.0546278912310038e-14,2.1935940164400632e-12,5.1539846384871694e-12,8.457692958530199e-15,1.5289428223106248e-13,6.029685547990472e-14,1.3825404288695144e-13,1.9477558258310346e-14,2.0436137438785442e-13,1.6467810960508358e-09,2.2012279188159222e-14,2.558355900387609e-12,1.2250207196551319e-12,8.389237609979746e-13,8.309036226486819e-14,1.155569568164203e-12,2.9188146548800377e-12,1.2996246282506315e-12,1.7530237624880421e-12,2.6567393904826306e-12,1.7095338209328294e-13,3.6131396300680333e-12
2057,2.1404960578352173e-14,2.2072017048547597e-12,5.1620284832633626e-12,8.580892725237715e-15,1.552198128448385e-13,6.165431355740293e-14,1.4170601653979868e-13,1.9972011260623058e-14,2.0956287566978366e-13,1.6887862446301082e-09,2.257364695648987e-14,2.6195047556513507e-12,1.2542978363287666e-12,8.594865480954366e-13,8.532253197219199e-14,1.1872251953761246e-12,3.0155979019125755e-12,1.343477240084899e-12,1.812286385563778e-12,2.7484897495370616e-12,1.7684066050923252e-13,3.736432856064314e-12
2058,2.101294866930868e-14,2.1453718301868805e-12,5.000677396316798e-12,9.14247484069118e-15,1.6532567431041161e-13,6.562474441383331e-14,1.5103126519712474e-13,2.1301442793888906e-14,2.2355790375070338e-13,1.8020105696218905e-09,2.410921255842412e-14,2.8056676061030698e-12,1.3434415323368281e-12,9.19828568539755e-13,9.098937206676785e-14,1.2649252955810661e-12,3.1662084168808483e-12,1.4066404561789071e-12,1.89681387317689e-12,2.844791718555874e-12,1.8273503386327537e-13,3.849328846836168e-12
2059,1.791785560499213e-14,1.885255284083527e-12,4.4201528580305016e-12,8.384255779334334e-15,1.5176159152401382e-13,6.058652934098798e-14,1.3952453300737203e-13,1.9674511774836875e-14,2.0646400136577038e-13,1.6640034828042647e-09,2.2247615890355462e-14,2.567842377362535e-12,1.2294977496891888e-12,8.346041279244741e-13,8.178784938684715e-14,1.1352255447994822e-12,2.8010552949223885e-12,1.2423810318930012e-12,1.674990502080475e-12,2.500555290925024e-12,1.60546942227349e-13,3.3794251939777393e-12
2060,1.6922153492211516e-14,1.7813261136547593e-12,4.182318912036316e-12,6.9447736617134e-15,1.2565159260048965e-13,4.9982935350814144e-14,1.1492682569859735e-13,1.619772098199752e-14,1.6995618494334455e-13,1.3695567113359056e-09,1.830110774061296e-14,2.111157528060519e-12,1.0108449503287786e-12,6.881387224097359e-13,6.778931586986577e-14,9.419492011136638e-13,2.3571121972562984e-12,1.0479519313020553e-12,1.4132813342218448e-12,2.1290840813222848e-12,1.368767315311577e-13,2.8881040468123986e-12
2061,1.6553701248248578e-14,1.879980026710788e-12,4.375515488783133e-12,6.761399700109074e-15,1.223550638730629e-13,4.889311570169507e-14,1.1302763595697588e-13,1.597105770954997e-14,1.6770340253187023e-13,1.3526470290630437e-09,1.8141294046988512e-14,2.136810897034953e-12,1.023217425198479e-12,7.042438165730852e-13,6.990976011111793e-14,9.72368107139125e-13,2.446001856775659e-12,1.087511515042379e-12,1.4666207312808566e-12,2.206416258263587e-12,1.4179698242851327e-13,2.9896625822022114e-12
2062,1.590233298794144e-14,1.6882550456003252e-12,3.947419037636879e-12,8.38759027936747e-15,1.5178563832710762e-13,6.042081079362939e-14,1.3888955925486075e-13,1.956908324018946e-14,2.0530867204921447e-13,1.654203261575306e-09,2.2089904333627732e-14,2.528055162474126e-12,1.21039381205553e-12,8.161498306066476e-13,7.941133625747101e-14,1.100888634568697e-12,2.681238869824561e-12,1.1869301640104998e-12,1.5998419366685761e-12,2.3709778791714654e-12,1.5206640064086524e-13,3.194721238678078e-12
2063,1.4086745857479079e-14,1.56898892539893e-12,3.677470099053549e-12,6.944966561689999e-15,1.256737852193457e-13,4.9978726551748913e-14,1.147460830892497e-13,1.6159500772093827e-14,1.6951527044376167e-13,1.3656044476865329e-09,1.8226471521596704e-14,2.0827145370563124e-12,9.971687887950441e-13,6.723972570651974e-13,6.549677427423323e-14,9.082711188967648e-13,2.224315033989225e-12,9.857998739009498e-13,1.328942464998825e-12,1.9796340175932766e-12,1.2707366571135702e-13,2.6739390236483688e-12
2064,1.331768486195682e-14,1.4310851777540687e-12,3.369537950572393e-12,6.629811431470762e-15,1.1977167302523597e-13,4.722525348601494e-14,1.0810127574863596e-13,1.5206758489543566e-14,1.594718339451354e-13,1.2842200317224562e-09,1.7116214094419507e-14,1.9424190824872697e-12,9.299744855243313e-13,6.253614774459988e-13,6.083779211048431e-14,8.435869586306132e-13,2.067746650972133e-12,9.167687934858304e-13,1.2359484535666183e-12,1.844778169919113e-12,1.1845809009691232e-13,2.494301716361404e-12
2065,1.3367367607986016e-14,1.3123949963765235e-12,3.105377015912346e-12,5.903421057542881e-15,1.0665805199685609e-13,4.2043279512303406e-14,9.652166724402018e-14,1.3602820312540677e-14,1.4273177551224417e-13,1.1502223135931888e-09,1.5374570829380155e-14,1.7741754082498929e-12,8.494828333511799e-13,5.763525372565768e-13,5.6488035678682395e-14,7.841838414391222e-13,1.943890633448768e-12,8.631772503449081e-13,1.1639185211033532e-12,1.746551878326444e-12,1.122307234155846e-13,2.3661654475797677e-12
2066,1.3217298458562413e-14,1.3881927896298838e-12,3.2583098494348296e-12,6.289949195668085e-15,1.1385983773266397e-13,4.5315091312357064e-14,1.0400206820582098e-13,1.4643307589489756e-14,1.5360046937757754e-13,1.23729938285572e-09,1.6509009785807233e-14,1.8857191993169105e-12,9.02858107448124e-13,6.1021229578063e-13,5.968320170221835e-14,8.283208534024185e-13,2.0472828838234098e-12,9.085519720619792e-13,1.2250066378236802e-12,1.8330481321640645e-12,1.1773169855002233e-13,2.4798150558504665e-12
2067,1.408735737237337e-14,1.514525946042418e-12,3.51552603415017e-12,7.092178886311189e-15,1.283115474288901e-13,5.105349095460064e-14,1.1741265487827887e-13,1.654488916420373e-14,1.7358247554408367e-13,1.3985820093447844e-09,1.867350812134649e-14,2.1246951234018948e-12,1.0172316551945644e-12,6.822091285801119e-13,6.611113616236298e-14,9.160305409966126e-13,2.224001664440165e-12,9.843382791495756e-13,1.326746677649169e-12,1.9659006161709757e-12,1.2609056475289046e-13,2.649275284495004e-12
2068,1.3137944177473104e-14,1.4174090838560428e-12,3.29352188750054e-12,6.8746199571705544e-15,1.2429916194268803e-13,4.893876183635649e-14,1.1162131253219896e-13,1.567809271668926e-14,1.6434407494133858e-13,1.3227640819799965e-09,1.7593683659474735e-14,1.9690440724550122e-12,9.426543565315513e-13,6.273041207374249e-13,6.039940147027071e-14,8.360709140589677e-13,2.014359032572289e-12,8.90985501232729e-13,1.2008378012992856e-12,1.7776089256950596e-12,1.1401731704367914e-13,2.395996538701059e-12
2069,1.1307433188716692e-14,1.205639442134881e-12,2.8302235528714214e-12,5.839244566069004e-15,1.05610564100868e-13,4.179988892777529e-14,9.561311759334306e-14,1.3438592666507897e-14,1.4088704459593675e-13,1.134105452666631e-09,1.508684063016825e-14,1.6816070370927723e-12,8.050303293116587e-13,5.347708180350084e-13,5.1576627725178576e-14,7.144085766681395e-13,1.7427316842479525e-12,7.727790089661398e-13,1.0418591657237392e-12,1.5580788954622965e-12,1.0008870639590666e-13,2.1091711582644942e-12
2070,1.2549734803687044e-14,1.2825025596972357e-12,2.9855208227635153e-12,5.748020113271056e-15,1.0389650387066618e-13,4.098400330502985e-14,9.376321837680196e-14,1.3188234692940314e-14,1.3830068220571003e-13,1.113706329287062e-09,1.4843275755762596e-14,1.6885841017066735e-12,8.084661580819288e-13,5.464593101627399e-13,5.356164535715708e-14,7.437467308602734e-13,1.8509556499980964e-12,8.223216886695961e-13,1.1088915707007977e-12,1.6655245222497417e-12,1.0702252345866306e-13,2.256047210731761e-12
2071,1.3867576575884031e-14,1.4448756758517284e-12,3.320059237968657e-12,7.667665559320792e-15,1.386548974087327e-13,5.4742534837595615e-14,1.252893677134658e-13,1.7622438977544012e-14,1.84795835761224e-13,1.4880508624244368e-09,1.9825390158132652e-14,2.236875238632295e-12,1.0709108120374505e-12,7.1577669895809e-13,6.914587281491454e-14,9.575481865322854e-13,2.309321248884292e-12,1.020899795939122e-12,1.3758178710405139e-12,2.0282462067773406e-12,1.2997978409320946e-13,2.7265589239338177e-12
2072,1.2665882302064537e-14,1.3549892227039759e-12,3.1123254482215146e-12,7.349423866031458e-15,1.326942101097181e-13,5.178262682018445e-14,1.1756196095237638e-13,1.6480132352303653e-14,1.7265575876832012e-13,1.3887310672277261e-09,1.8423780734017635e-14,2.037610784459667e-12,9.75439668083866e-13,6.459130512927152e-13,6.193978017080917e-14,8.568023999222815e-13,2.0461050811802533e-12,9.03504644742556e-13,1.2174442592190747e-12,1.788836854254146e-12,1.1459737903865977e-13,2.40257152882184e-12
2073,1.0185336378545672e-14,1.0656894488576878e-12,2.4820055691287957e-12,5.814298276214615e-15,1.0506698519754821e-13,4.117081069303467e-14,9.360573215708846e-14,1.3127232455883918e-14,1.375414269683547e-13,1.1064025456046025e-09,1.4681687305325312e-14,1.6192583036872098e-12,7.751482020943299e-13,5.114981979260848e-13,4.894857172928118e-14,6.770212630975238e-13,1.6229439831405112e-12,7.176005752096065e-13,9.671171767332075e-13,1.430315810540483e-12,9.173147586647266e-14,1.9272833124454038e-12
2074,9.692113893608044e-15,1.0003635595862414e-12,2.3346251242818983e-12,4.8616896893087594e-15,8.794448863168447e-14,3.4740252170114217e-14,7.940062110039482e-14,1.1162080073865232e-14,1.1703437697883454e-13,9.42266433847797e-10,1.2548147620058571e-14,1.4174470464026758e-12,6.786194907661257e-13,4.552485841187016e-13,4.4233350287363304e-14,6.132854832948037e-13,1.503205592304998e-12,6.664732976994742e-13,8.985089927682084e-13,1.3405099992100162e-12,8.606544071019086e-14,1.8116518743707901e-12
2075,1.03851808414789e-14,1.0776160770386861e-12,2.4912513409824363e-12,5.4548757387205236e-15,9.86008171020852e-14,3.888343743139504e-14,8.886053796802024e-14,1.2491240179545657e-14,1.3096811893083423e-13,1.0544231024982336e-09,1.4040030449394611e-14,1.5834191091096371e-12,7.580718804537418e-13,5.074267955037097e-13,4.9116380155502564e-14,6.804162954645271e-13,1.647514103915794e-12,7.288340591219342e-13,9.823034330182627e-13,1.452796825563027e-12,9.315558089545942e-14,1.9563294383971045e-12
2076,9.547953515509495e-15,1.003261981412843e-12,2.322209097315102e-12,5.16342718296443e-15,9.331739229143838e-14,3.6582102819797765e-14,8.3195736563054e-14,1.1667230117249132e-14,1.2224246939966432e-13,9.833139701240853e-10,1.3046762691198648e-14,1.4386076038717524e-12,6.886708999505566e-13,4.5452530279184114e-13,4.348401567400509e-14,6.013714101228496e-13,1.4387992317077763e-12,6.359904219215206e-13,8.571005667078239e-13,1.266806419956776e-12,8.124465315099505e-14,1.707057946085122e-12
2077,8.68443168935533e-15,8.673478305350978e-13,2.0236612873444786e-12,3.574293651266426e-15,6.45499506459428e-14,2.537589524966381e-14,5.806504418957121e-14,8.16920007995402e-15,8.567466147542968e-14,6.899903436918155e-10,9.199828274590194e-15,1.0470904162077916e-12,5.013244597686787e-13,3.380035072273409e-13,3.301807243515443e-14,4.582482775960051e-13,1.139142419042829e-12,5.064830331121574e-13,6.830680404587347e-13,1.0318793862106602e-12,6.638429748032475e-14,1.4027114525039048e-12
2078,8.954773875433009e-15,9.203639594284409e-13,2.130344534278933e-12,3.879003344318634e-15,7.022914405364036e-14,2.7981513996723993e-14,6.419414079224363e-14,9.03635199105573e-15,9.478097964976137e-14,7.634408923439443e-10,1.0184755245926379e-14,1.1666412664853553e-12,5.585887015203913e-13,3.795786086190657e-13,3.741827576235641e-14,5.201196175294831e-13,1.3104678323227294e-12,5.833877169032366e-13,7.868944428250114e-13,1.1911808800158535e-12,7.662834064816984e-14,1.6186064631059676e-12
2079,1.0327311554239474e-14,1.0994025469960058e-12,2.503448826591644e-12,5.744472948660056e-15,1.0398861690839483e-13,4.1441114730304656e-14,9.527097934336405e-14,1.3423513353754092e-14,1.4083241776854553e-13,1.1347036499407732e-09,1.5151746480166126e-14,1.730509157693104e-12,8.28530253030353e-13,5.57825790407195e-13,5.426157654206323e-14,7.522925302094808e-13,1.835364734811551e-12,8.126184733753437e-13,1.0953309985091498e-12,1.62255886236948e-12,1.040385167153525e-13,2.1843268328685386e-12
2080,1.0662011472577653e-14,1.1112420960230667e-12,2.5153218483151027e-12,6.674316797232129e-15,1.205608578748212e-13,4.745055642979788e-14,1.0842562076476219e-13,1.5238219618246137e-14,1.5975592418364752e-13,1.2860400730489724e-09,1.71135403158613e-14,1.9164858028890758e-12,9.1749174228692e-13,6.10269359389065e-13,5.866548340460595e-14,8.117044919151087e-13,1.9366134783797466e-12,8.544936227834631e-13,1.1512761805933254e-12,1.6834485906025671e-12,1.0774212746835763e-13,2.254447114287252e-12
2081,8.65682704598169e-15,9.15301231337469e-13,2.083947025649249e-12,5.641069813924777e-15,1.0197211042601781e-13,4.023229210794666e-14,9.189608437128176e-14,1.2909840452984602e-14,1.3532660798391948e-13,1.089184831960358e-09,1.4481743417048256e-14,1.606905153666363e-12,7.69239179607118e-13,5.069110497535395e-13,4.823659695947618e-14,6.66260582725758e-13,1.5633918499745318e-12,6.88385498661165e-13,9.27243347759922e-13,1.3472174845004365e-12,8.61597574094982e-14,1.8006649761779066e-12
2082,5.852296674227325e-15,6.192399411862233e-13,1.442565003230305e-12,3.623871935805185e-15,6.5410518732738e-14,2.5499170012751826e-14,5.788001132616832e-14,8.111833453294928e-15,8.497662770400799e-14,6.834100311621071e-10,9.060547815003578e-15,9.933877118713829e-13,4.755262388891296e-13,3.123973603302031e-13,2.975357857630511e-14,4.111863039393456e-13,9.76599681295922e-13,4.311975540611405e-13,5.810251412459624e-13,8.547017317192189e-13,5.477260042506011e-14,1.1491369546154888e-12
2083,5.64052496180362e-15,5.338743956980344e-13,1.2553608648574172e-12,2.582350810292269e-15,4.670009554474462e-14,1.8533398133297123e-14,4.2494559231025164e-14,5.9788860825790675e-15,6.270047161456435e-14,5.049165795976829e-10,6.7277162575651756e-15,7.599369440692529e-13,3.638273146805504e-13,2.439416872108476e-13,2.3692772789400118e-14,3.284785791872924e-13,8.051740957622355e-13,3.57040506468002e-13,4.813560413983762e-13,7.188297520671409e-13,4.615972599010218e-14,9.719886350772344e-13
2084,5.918622172221366e-15,5.797088924170176e-13,1.3486021058744866e-12,3.0897435997705418e-15,5.591241504741601e-14,2.2204750603602632e-14,5.084378502475119e-14,7.14786483205755e-15,7.494058963439552e-14,6.032895343106061e-10,8.027091140149533e-15,8.95278963110289e-13,4.28593311211408e-13,2.844095295586166e-13,2.7348718130758894e-14,3.7854541755297365e-13,9.12600270408441e-13,4.0369678118891904e-13,5.440922469198376e-13,8.051412251099436e-13,5.1633393089816785e-14,1.08458285619324e-12
2085,5.598434968308976e-15,5.212093913132473e-13,1.2184795417381647e-12,3.037080055410412e-15,5.4966085127581246e-14,2.1880036636436794e-14,5.0221322787034435e-14,7.06791550003298e-15,7.412486158332701e-14,5.969423677537604e-10,7.95383072580662e-15,8.924066844584515e-13,4.272250024867232e-13,2.83852607292475e-13,2.7289938634394816e-14,3.776864494474049e-13,9.084683033033022e-13,4.0167875198808624e-13,5.413390608170978e-13,7.994023756563981e-13,5.124805930008618e-14,1.0757986522433905e-12
2086,4.755169081602422e-15,4.652775183034084e-13,1.0947694162597926e-12,3.1025921228651237e-15,5.6174927210527385e-14,2.238341597343664e-14,5.124798683225888e-14,7.20227420369387e-15,7.550235305943882e-14,6.07720821670061e-10,8.080641354363474e-15,8.965028353910624e-13,4.291674775324384e-13,2.8361200854801804e-13,2.7143385569805596e-14,3.7537828052566426e-13,8.959497394188437e-13,3.957038188193927e-13,5.332132344714146e-13,7.842704160307455e-13,5.025014973008522e-14,1.0537969279034939e-12
2087,4.833351646342894e-15,4.729243308970964e-13,1.1070680410152477e-12,2.229418402633437e-15,4.0389798381886495e-14,1.6241907476058588e-14,3.7534657523014906e-14,5.298319666922209e-15,5.5614312720171766e-14,4.4834930881825533e-10,5.999337829067584e-15,6.919093805721652e-13,3.3128364413742997e-13,2.2404596856763857e-13,2.1856491720473836e-14,3.031344257103377e-13,7.418675729041074e-13,3.2863856292993165e-13,4.4300403054181044e-13,6.580799285162304e-13,4.22193397711517e-14,8.874126154774143e-13
2088,4.145222974713032e-15,4.099301906707202e-13,9.68625664481453e-13,2.8060559611958366e-15,5.071689401526606e-14,1.9879523421702797e-14,4.5172106951086217e-14,6.331166769847141e-15,6.632162528582061e-14,5.333568671969507e-10,7.068828964129585e-15,7.728195325875372e-13,3.6993932436094613e-13,2.4295548621842614e-13,2.315656098739158e-14,3.2007118423508404e-13,7.612070539407988e-13,3.3609432990616715e-13,4.5287380158915647e-13,6.656187258559183e-13,4.2645121607272926e-14,8.942311048561204e-13
2089,4.004739663154101e-15,3.970147445939342e-13,9.377552048084283e-13,2.0899387848230558e-15,3.7807508510399026e-14,1.4992994227356376e-14,3.4402893478725586e-14,4.8439138400775075e-15,5.0810128302274455e-14,4.092909086664151e-10,5.460851118406805e-15,6.222880845835312e-13,2.9793664973212134e-13,2.004078074794878e-13,1.9457595492735166e-14,2.6965274965174226e-13,6.548593777910534e-13,2.897975162656959e-13,3.9059738781552293e-13,5.782509941880159e-13,3.7081804563855796e-14,7.788424011510682e-13
2090,3.6725151661872965e-15,3.634526571278829e-13,8.630700891754857e-13,2.0153825539628037e-15,3.635333868284821e-14,1.4126646821679527e-14,3.210920736467781e-14,4.505627124455783e-15,4.721857617349662e-14,3.7994777914114085e-10,5.04910067896256e-15,5.638829306037918e-13,2.6995125074583337e-13,1.7971847033991802e-13,1.7328379745804507e-14,2.3993816423450276e-13,5.79948407292615e-13,2.566098193056556e-13,3.4586271365096897e-13,5.122752980385688e-13,3.2857039372245224e-14,6.90389942108392e-13
2091,3.5860415060865154e-15,3.4728338103130725e-13,8.260006553556687e-13,1.6526561352725655e-15,2.9811453454406637e-14,1.1610263985347991e-14,2.6543768828608564e-14,3.735945954512759e-15,3.918692531650979e-14,3.156616036262056e-10,4.212620590351569e-15,4.809268531507208e-13,2.302572348641335e-13,1.550128326455967e-13,1.5080791756179515e-14,2.0909956645053343e-13,5.116815572081648e-13,2.2677135469593526e-13,3.057072288790381e-13,4.554382082495901e-13,2.923547952953318e-14,6.152111727502783e-13
2092,3.579473713594906e-15,3.468053065398469e-13,8.221097290373023e-13,1.647137689899371e-15,2.9760620912510724e-14,1.1671489885459847e-14,2.6614682381161673e-14,3.7367321141467135e-15,3.916391725609198e-14,3.1515526329764247e-10,4.1877407705640146e-15,4.668920408222627e-13,2.235193230412124e-13,1.4913368922416501e-13,1.4440593963508298e-14,2.0012152144903334e-13,4.886653769305758e-13,2.1657734903188587e-13,2.919671793498719e-13,4.352213156243894e-13,2.7941227008497713e-14,5.881216571140272e-13
2093,3.4091464708771846e-15,3.219070339709053e-13,7.665189782988834e-13,1.5792171771327748e-15,2.85353208519237e-14,1.1312374000369434e-14,2.6045453328381282e-14,3.672894513360027e-15,3.854338677827024e-14,3.106386502121212e-10,4.152304412609241e-15,4.748752080513299e-13,2.273569861269799e-13,1.5262933890098814e-13,1.479714227920793e-14,2.0505242743266816e-13,4.995053336615004e-13,2.2126908006911248e-13,2.9827264521961425e-13,4.436880936644178e-13,2.8475448483773066e-14,5.98995179033038e-13
2094,3.1083036450406817e-15,3.3068274092179686e-13,7.827787921181801e-13,1.423927879620585e-15,2.578895202547152e-14,1.0327763288030633e-14,2.3801196157390514e-14,3.3566069103876546e-15,3.522474125570888e-14,2.8389827800341923e-10,3.795620080719215e-15,4.3772125719092294e-13,2.0958259412518796e-13,1.4218383728143865e-13,1.3924988470610665e-14,1.9326310651051863e-13,4.76721597654774e-13,2.114602543104579e-13,2.8509579877051337e-13,4.2578524352773987e-13,2.7339049386366856e-14,5.755349753114411e-13
2095,3.01815471118995e-15,3.512470877311552e-13,8.240483480423494e-13,1.6655753739842347e-15,3.0126429170511924e-14,1.1895583967850878e-14,2.7189411573053068e-14,3.821650957003155e-15,4.006707915990197e-14,3.225538814498889e-10,4.292962486587782e-15,4.817680265502104e-13,2.3064420508929114e-13,1.5401106846711756e-13,1.4902429055264603e-14,2.0647593672435942e-13,5.020492469743162e-13,2.2229318767941512e-13,2.996342024912615e-13,4.4460106733420536e-13,2.8520872138336884e-14,5.99404122975241e-13
2096,2.871760566646864e-15,3.1346177074641184e-13,7.406214488174139e-13,1.798129553480045e-15,3.252046883855604e-14,1.2850944067394148e-14,2.940208391266518e-14,4.135394350824429e-15,4.336575790822993e-14,3.492055848004994e-10,4.653168196547719e-15,5.244666395364778e-13,2.5108456933013915e-13,1.670505002548163e-13,1.6037251629006904e-14,2.2184634390103641e-13,5.297001075772194e-13,2.339075795640298e-13,3.151847125537472e-13,4.632408646068445e-13,2.967794943736044e-14,6.222693545388559e-13
2097,2.7888535338811326e-15,2.9629128121937874e-13,7.015159771550478e-13,1.3605109352339074e-15,2.4634719435595815e-14,9.864859511407103e-15,2.2774046419323625e-14,3.2136475865032696e-15,3.372886455658074e-14,2.718777701600451e-10,3.635696954299226e-15,4.1598154719097365e-13,1.9916036211353251e-13,1.336543426934545e-13,1.293898728705472e-14,1.7923873165245104e-13,4.3436293906142e-13,1.9223556726543313e-13,2.591049258131975e-13,3.8401945604207364e-13,2.4632441862156232e-14,5.176288558752377e-13
2098,2.6927566419688113e-15,2.6692267643430035e-13,6.3649770537198e-13,1.3786695479374404e-15,2.492642274254174e-14,9.788797065776116e-15,2.2273448407024595e-14,3.124716453269201e-15,3.274293454645147e-14,2.634249160556282e-10,3.497786143340788e-15,3.894893654869975e-13,1.8646400457939628e-13,1.2448329190199705e-13,1.206041713536964e-14,1.671407546360892e-13,4.0740203230263733e-13,1.8044980738588492e-13,2.432434379271721e-13,3.614622118129057e-13,2.319324676223039e-14,4.876683119557579e-13
2099,2.5958985621696717e-15,2.634150788358856e-13,6.270903605660121e-13,1.5215364129272156e-15,2.7492767584659977e-14,1.0694293465145415e-14,2.4122113518227007e-14,3.3712593502688406e-15,3.5288817254608687e-14,2.8354274437262705e-10,3.746603736824303e-15,4.0680921612320255e-13,1.9473421981301136e-13,1.2803300412972173e-13,1.2237711302093065e-14,1.692491133295861e-13,4.0552506755719533e-13,1.7928180015570817e-13,2.4161490483885433e-13,3.569981168820997e-13,2.2891087252334257e-14,4.807466111376993e-13
2100,2.459543181786348e-15,2.1969872824526876e-13,5.319904677526325e-13,1.2068149961885703e-15,2.1844823180318237e-14,8.712246467697389e-15,2.0051906053792392e-14,2.8259849422681693e-15,2.9649904801432316e-14,2.3889982216265544e-10,3.1898408659449363e-15,3.632255517789432e-13,1.739015016679053e-13,1.1678234450127245e-13,1.1330587868473979e-14,1.570259493320623e-13,3.8221877228183883e-13,1.6925645842890395e-13,2.2814867927196527e-13,3.387920514011778e-13,2.173672006472751e-14,4.569715449044326e-13
2101,2.2900095673088992e-15,2.2863354578229e-13,5.498654384454798e-13,1.1231460249182815e-15,2.0296596137872004e-14,8.09638753685505e-15,1.8727139042615333e-14,2.645625640584977e-15,2.7776879508776683e-14,2.239981982051903e-10,3.000737595601039e-15,3.4672968239720646e-13,1.6601128382536484e-13,1.1204362366274915e-13,1.0907325561552451e-14,1.5123456950956457e-13,3.697537064989426e-13,1.638231053245734e-13,2.2083874774916795e-13,3.284431093417221e-13,2.107615049529674e-14,4.4319675148186495e-13
2102,2.1936415721340403e-15,2.2214450400029055e-13,5.347048683902844e-13,1.2102400528563623e-15,2.1924696499810938e-14,8.805061693313748e-15,2.0294522642839998e-14,2.8603647044802295e-15,3.0009927186464324e-14,2.417887586189127e-10,3.2271807495539035e-15,3.657609135253881e-13,1.751118000121579e-13,1.173503525429368e-13,1.1375985234964871e-14,1.5763925694415695e-13,3.8294991864916404e-13,1.6948262369168722e-13,2.2843559129374257e-13,3.381863871099991e-13,2.168590610688311e-14,4.554114463947861e-13
2103,1.976952696485758e-15,2.260721635610689e-13,5.418140091262816e-13,1.297713436377563e-15,2.3494941202059813e-14,9.374006697660169e-15,2.1551377129266243e-14,3.0358422326305735e-15,3.1847501462470513e-14,2.565662794273105e-10,3.4237078174498274e-15,3.875710505334684e-13,1.8554873853367787e-13,1.2353589131493477e-13,1.1851767828901312e-14,1.6391135475237474e-13,3.900432258449838e-13,1.7213725903529127e-13,2.3193381436959063e-13,3.4013515660425417e-13,2.1784058617293984e-14,4.564826633263604e-13
2104,2.039947213896226e-15,2.132162919074453e-13,5.126858169971848e-13,1.1332515812963495e-15,2.0501741934386898e-14,8.077126228306095e-15,1.8322354451530196e-14,2.56473538630982e-15,2.6856335113835938e-14,2.1587519013253616e-10,2.855767000904384e-15,3.100800120423301e-13,1.484297547770551e-13,9.747671089544026e-14,9.317559351138379e-15,1.2888208397107683e-13,3.098066792282707e-13,1.3704810906731426e-13,1.847113067613853e-13,2.734941948341207e-13,1.7541228830173557e-14,3.685479079998719e-13
2105,1.7756253980638883e-15,1.9637772875657254e-13,4.749436925483184e-13,1.092176351470968e-15,1.9752768540967504e-14,7.836764753290659e-15,1.800819425817697e-14,2.536744586977595e-15,2.6611828837955473e-14,2.1438781486290744e-10,2.860724000126689e-15,3.230883392848502e-13,1.5467624868184623e-13,1.0296386919009045e-13,9.903356671966937e-15,1.370544493090772e-13,3.290338102498199e-13,1.4541480283823596e-13,1.959624401631787e-13,2.887802991010904e-13,1.8506763878942646e-14,3.882378303242547e-13
2106,1.7416827200441258e-15,1.6681559141185144e-13,4.105582365231384e-13,1.0261849708880846e-15,1.8589034895498927e-14,7.456167919405845e-15,1.7147332038978288e-14,2.413163273193316e-15,2.5305744083885195e-14,2.0375992986750622e-10,2.7121321969606236e-15,3.0087639621032773e-13,1.4403217172754626e-13,9.508838239658359e-14,9.099357336924409e-15,1.2584738030010067e-13,3.0082515459733834e-13,1.3289485745714086e-13,1.7908192224821323e-13,2.6357992173919554e-13,1.6889162070662345e-14,3.5420725329262786e-13
2107,1.7315342938791813e-15,1.6137487872925787e-13,3.978746506073141e-13,9.17664378297744e-16,1.6560916247335823e-14,6.43947622716899e-15,1.4690138133141525e-14,2.0651295052864707e-15,2.1653629012349316e-14,1.7434706997927897e-10,2.3224025933940866e-15,2.621494236052896e-13,1.2550482181757638e-13,8.383863437850953e-14,8.087534609442614e-15,1.1196538452172092e-13,2.6919810402678365e-13,1.1896310386882104e-13,1.6031401980764846e-13,2.3610453656551115e-13,1.512926160682204e-14,3.1731580241810677e-13
2108,1.6749967222354644e-15,1.4405571080652086e-13,3.5996315024543456e-13,7.048005416083898e-16,1.2705079708078087e-14,4.894154400225182e-15,1.1137956953485461e-14,1.5650578557819911e-15,1.640859485121219e-14,1.3210178456104588e-10,1.7590226899493542e-15,1.9792234506160456e-13,9.47547550507093e-14,6.329080884409276e-14,6.127995965537022e-15,8.491947328523497e-14,2.0705092587824214e-13,9.171927606685992e-14,1.2363778926062183e-13,1.8376250794371683e-13,1.179089025951043e-14,2.4789973037196043e-13
2109,1.3431952014888214e-15,1.3104257381412533e-13,3.314174528604141e-13,7.549412674846643e-16,1.3650866093330586e-14,5.3555340735210725e-15,1.2159494590913504e-14,1.7045222842651269e-15,1.785794562441153e-14,1.4364395675730687e-10,1.9064696769347828e-15,2.1294409074800807e-13,1.0194618713500108e-13,6.804833560877237e-14,6.562783883468027e-15,9.084901282111532e-14,2.1807917206578559e-13,9.634527525638805e-14,1.298297843433081e-13,1.9103426918627452e-13,1.2240053887311511e-14,2.5668285032222386e-13
2110,1.2112510085092262e-15,1.1945484597783095e-13,3.0597500612796604e-13,5.877998516131544e-16,1.0599205869195095e-14,4.084940172435729e-15,9.259459639377096e-15,1.2985808204337245e-15,1.3607556436447835e-14,1.0948299568529496e-10,1.4547092791027984e-15,1.6302625980500222e-13,7.804827123533063e-14,5.2107226719627474e-14,5.035036905852664e-15,6.973954165961269e-14,1.6902511054410306e-13,7.481433713265968e-14,1.008401783563998e-13,1.4953119740786845e-13,9.592251473766265e-15,2.0160366739523943e-13
2111,1.0708431442895888e-15,1.0361988697862507e-13,2.7168683748830635e-13,5.657037733666339e-16,1.0193613003064859e-14,4.0119260852954375e-15,9.240157014491806e-15,1.3029320884349663e-15,1.3671963634427188e-14,1.1017479506895133e-10,1.4714324450285233e-15,1.6590718008884497e-13,7.942498039158529e-14,5.267026741473933e-14,5.047823845346591e-15,6.982142984942645e-14,1.6705875137430998e-13,7.381856000185905e-14,9.947717808825406e-14,1.4662948767341771e-13,9.398370232041961e-15,1.9723717338353056e-13
2112,9.46849671987892e-16,1.0250869763557174e-13,2.69060758912543e-13,5.05176198819751e-16,9.081452681571497e-15,3.4863807075084254e-15,7.91680933766311e-15,1.1110895292078978e-15,1.164510918530705e-14,9.371461026953575e-11,1.2461480870988547e-15,1.3997624814814113e-13,6.701354423388575e-14,4.475561438578913e-14,4.320794017805765e-15,5.982883259867323e-14,1.441746507595504e-13,6.373969462262692e-14,8.589999114235562e-14,1.267883698815527e-13,8.128083986393992e-15,1.7063842098350457e-13
2113,8.729594225789398e-16,8.630305371021779e-14,2.340434819011894e-13,2.862522662921902e-16,5.188786387854972e-15,2.101721557179876e-15,4.883657263188977e-15,6.908882113794042e-16,7.256355254105852e-15,5.854122662171161e-11,7.85428095775664e-16,9.16525067184187e-14,4.3884701252620926e-14,2.981976963184281e-14,2.9166941670461672e-15,4.0465303099656114e-14,9.942327346811562e-14,4.4090513761990265e-14,5.944281239453988e-14,8.888779079036572e-14,5.710477566784989e-15,1.2037317342044595e-13
2114,9.01374849576531e-16,8.101919871496222e-14,2.2258282096782262e-13,2.309413598522075e-16,4.18759866090296e-15,1.704090251080073e-15,3.976383668179402e-15,5.635884913144784e-16,5.922407428600322e-15,4.7809090740767095e-11,6.428602675933878e-16,7.518777706532425e-14,3.6000160251596124e-14,2.4346772575880227e-14,2.3740303580105243e-15,3.293201430543362e-14,8.145576305723813e-14,3.620294681956074e-14,4.8823372374889585e-14,7.380824263282312e-14,4.75056901980083e-15,1.00498784425204e-13
2115,8.4017290820777e-16,7.490276732212575e-14,2.0927886873643048e-13,2.1699799185574193e-16,3.919254750974182e-15,1.5263004952562953e-15,3.4898047980577968e-15,4.916892757561029e-16,5.159425326782028e-15,4.158256275125619e-11,5.563368171228781e-16,6.484226159719923e-14,3.104816565220349e-14,2.1201482715545793e-14,2.0933633785984114e-15,2.9103223955219525e-14,7.374391615655974e-14,3.289645245584542e-14,4.438473712592225e-14,6.803124146204564e-14,4.387357657060626e-15,9.31458255773697e-14
2116,8.676244427329259e-16,6.761262172259168e-14,1.9354870550199553e-13,1.8421470121828763e-16,3.32442341528586e-15,1.2821983426945786e-15,2.915362685611857e-15,4.098866678317886e-16,4.298545820953236e-15,3.462004638292809e-11,4.61962129104796e-16,5.336534703165614e-14,2.555289445546715e-14,1.757587044961173e-14,1.7676371032709707e-15,2.4672191244304694e-14,6.554161657328592e-14,2.9437635947254786e-14,3.9751177183778606e-14,6.231862109906857e-14,4.030338609169589e-15,8.598575607623784e-14
2117,8.272685450681223e-16,5.838527133840234e-14,1.7382424563730782e-13,2.9822809914287774e-16,5.404003717818686e-15,2.17835276667151e-15,5.0482475213967875e-15,7.139597349848371e-16,7.498807848941708e-15,6.050213985055985e-11,8.124594993405356e-16,9.61445568429525e-14,4.603885500364918e-14,3.156537637008657e-14,3.106240165264268e-15,4.3128281668647347e-14,1.064639625463143e-13,4.722330896763337e-14,6.366768413154e-14,9.517519394595543e-14,6.113205216083454e-15,1.288030188611083e-13
2118,8.071345624191914e-16,6.255256818025498e-14,1.828178522018474e-13,3.049579536687712e-16,5.495814352357446e-15,2.0643267414857903e-15,4.553294717742812e-15,6.313750097439297e-16,6.5953898333350255e-15,5.286651849686676e-11,6.927515925670913e-16,7.344404188641199e-14,3.515564929163795e-14,2.314966440067001e-14,2.2350665469323918e-15,3.0981821790739724e-14,7.655442537026194e-14,3.403131351936982e-14,4.589581082542424e-14,6.941874462335407e-14,4.468231833033337e-15,9.453200490082764e-14
2119,7.984401124988224e-16,5.973379958099045e-14,1.7677051904944116e-13,2.5858508475755526e-16,4.67193875736317e-15,1.8142486729668073e-15,4.096829140619053e-15,5.731495348010354e-16,6.00141050856175e-15,4.8240540841425226e-11,6.385147377410167e-16,7.015915857045989e-14,3.3586318251650074e-14,2.2276415618871228e-14,2.147696967116212e-15,2.9748541743865696e-14,7.283730001798423e-14,3.234965406711322e-14,4.362362245435265e-14,6.590619347001034e-14,4.2426348870757455e-15,8.979376690017979e-14
2120,6.876027161585113e-16,6.959022771704918e-14,1.9772345105001873e-13,1.2328952507797393e-16,2.2279902267212544e-15,8.66016161448086e-16,1.961647818543617e-15,2.7537562142981083e-16,2.8869345192947916e-15,2.3243202040934107e-11,3.1000049578883726e-16,3.6532389015232635e-14,1.7495360632824272e-14,1.2299711046976554e-14,1.262024469899675e-15,1.766948784404592e-14,4.835938178252361e-14,2.181843006437537e-14,2.9479463790845515e-14,4.7079273551686256e-14,3.0536924929037422e-15,6.551141394126124e-14
2121,6.390106091889106e-16,6.66458270289e-14,1.912391625483134e-13,2.4216609286919387e-16,4.38632461079044e-15,1.7569040938663241e-15,4.033540535653744e-15,5.670627243293435e-16,5.9446189786996655e-15,4.784618676862092e-11,6.357760573899395e-16,7.022411129740796e-14,3.361785294390333e-14,2.2406108304880802e-14,2.1841039856240215e-15,3.032296399084822e-14,7.622007809394608e-14,3.397051884056337e-14,4.582856063291278e-14,6.994963510617047e-14,4.5077028233732416e-15,9.556037942530317e-14
2122,6.775223731035085e-16,6.279939168979964e-14,1.8295809624254206e-13,2.374921962922249e-16,4.307415024696255e-15,1.7587804264848735e-15,4.1179158930655636e-15,5.846571930001447e-16,6.1470139628393255e-15,4.965472980365459e-11,6.695137929745959e-16,7.990788551514375e-14,3.826397777636e-14,2.6220123213847507e-14,2.5803545521689216e-15,3.5833233298016954e-14,8.895528997377895e-14,3.951273745406293e-14,5.328199684734825e-14,8.016897026645068e-14,5.154883775545537e-15,1.0883447194804916e-13
2123,6.942066999540645e-16,6.054839257274339e-14,1.7800026338410426e-13,2.4868736523733165e-16,4.4771241694010815e-15,1.6796443771871131e-15,3.734979204801265e-15,5.201881511473143e-16,5.441104582481074e-15,4.36859277000966e-11,5.763207980918747e-16,6.368276593120206e-14,3.048855750704297e-14,2.0528441926025864e-14,2.0158570878392825e-15,2.8012426310420976e-14,7.074483103840288e-14,3.153514019024833e-14,4.2543632268928416e-14,6.493723645772723e-14,4.1846119885254095e-15,8.870919954764005e-14
2124,7.166279549850713e-16,6.653112756390919e-14,1.9067053431074657e-13,2.2944771853659136e-16,4.156891376407721e-15,1.6708900843089304e-15,3.858922595807772e-15,5.44785744084559e-16,5.7189521049217134e-15,4.611206185350242e-11,6.176423578060139e-16,7.216158897766574e-14,3.455311555882046e-14,2.360004456400217e-14,2.3247121284052328e-15,3.229682993940093e-14,8.072999318982131e-14,3.590354191920185e-14,4.842268067733438e-14,7.321747529675817e-14,4.711454259020531e-15,9.961342382072671e-14
2125,6.658231628555336e-16,6.670503359623735e-14,1.908705022339818e-13,2.5539358917252163e-16,4.628389282287665e-15,1.868558668448024e-15,4.32600713263674e-15,6.107814323990822e-16,6.4110823053373986e-15,5.168215045883095e-11,6.911581363002718e-16,7.894881483442903e-14,3.7798576135507154e-14,2.5419407455447193e-14,2.47415802185737e-15,3.431480355438173e-14,8.460977218130626e-14,3.757108945193719e-14,5.066225834421525e-14,7.622415397021853e-14,4.901820241928986e-15,1.0352278454161062e-13
2126,5.903666814704249e-16,6.45804058502501e-14,1.863607126890144e-13,2.74239141250273e-16,4.966705775605823e-15,1.986412371373897e-15,4.560552262306407e-15,6.416339484186097e-16,6.728338045719796e-15,5.4175786816192447e-11,7.212732371180407e-16,8.037718363464359e-14,3.847816867154671e-14,2.5497970310903687e-14,2.4534848704583614e-15,3.3973828637173377e-14,8.285042682923534e-14,3.676034375891044e-14,4.956472016331126e-14,7.447348443091682e-14,4.789176883361137e-15,1.0115155572000406e-13
2127,5.909147727436903e-16,6.583631973632658e-14,1.891270779213679e-13,1.9165716346749637e-16,3.4736876724041284e-15,1.4043632216509755e-15,3.2554358994845952e-15,4.599156438798287e-16,4.828410345908557e-15,3.8932609757921215e-11,5.211538632536735e-16,6.018842793465879e-14,2.881913361685054e-14,1.9701301827507087e-14,1.959162514834443e-15,2.727715442459968e-14,7.005849091916311e-14,3.129342935616268e-14,4.222813980457422e-14,6.49087780580873e-14,4.186725051109077e-15,8.890375163820881e-14
2128,6.728748044112759e-16,7.343830844652693e-14,2.0541987200302374e-13,2.4936005581522223e-16,4.505837709006432e-15,1.7639547558185125e-15,4.04296708443829e-15,5.700186737569001e-16,5.982341270292131e-15,4.822375010156505e-11,6.455576520189459e-16,7.529732487404447e-14,3.6054080449640933e-14,2.4560962731139696e-14,2.413195120632779e-15,3.35155486219689e-14,8.374476683960735e-14,3.725712372118153e-14,5.025065755194146e-14,7.611756384837196e-14,4.89948555945613e-15,1.0364358664668149e-13
2129,8.010920230894546e-16,6.919450188399528e-14,1.964391620089296e-13,2.642184261548124e-16,4.7899520505219176e-15,1.9432381878101536e-15,4.52078148819493e-15,6.39792982882306e-16,6.7202537812095056e-15,5.422064285371173e-11,7.275515184883822e-16,8.458414730288737e-14,4.049942436765906e-14,2.7476686959077064e-14,2.6923612903503793e-15,3.7375674714265344e-14,9.273657704656134e-14,4.1198373480627397e-14,5.5556132421786313e-14,8.364686326971164e-14,5.379073846679097e-15,1.1358942532718089e-13
2130,8.012221258785848e-16,6.86262034902813e-14,1.954766860371138e-13,2.073145430867216e-16,3.760222250580118e-15,1.5364997036205468e-15,3.601435341944286e-15,5.116563169164397e-16,5.380579223609335e-15,4.3474798305266304e-11,5.868553485725784e-16,7.081555055153311e-14,3.3912259794003995e-14,2.3457790597938323e-14,2.33091018961443e-15,3.24237601710108e-14,8.205357786181243e-14,3.6559531593451855e-14,4.931882206886522e-14,7.509074793607338e-14,4.836735148752093e-15,1.0244236242783243e-13
2131,7.566659102789808e-16,6.958449905212225e-14,1.97715001329251e-13,2.5350683936037726e-16,4.596351058938493e-15,1.868170339080584e-15,4.354740194191892e-15,6.169375666166401e-16,6.4822255423331765e-15,5.2320712159575784e-11,7.03185639951676e-16,8.251693937520921e-14,3.951119595726184e-14,2.6954535015115817e-14,2.656459397169306e-15,3.6915723867727485e-14,9.268105496604925e-14,4.124493491780453e-14,5.5630753118764393e-14,8.424932883299184e-14,5.421812774053536e-15,1.1463722918738111e-13
2132,8.24805341344319e-16,7.956549471724854e-14,2.1928363236801664e-13,2.546040444082148e-16,4.605260446310651e-15,1.8195223150555536e-15,4.185218536279134e-15,5.909093979327463e-16,6.204134374851688e-15,5.00370132758559e-11,6.712247482257309e-16,7.945362642552156e-14,3.8047073616936076e-14,2.620370791960706e-14,2.600156573268717e-15,3.6163719568694856e-14,9.119366052323658e-14,4.058978353602877e-14,5.4747953343932105e-14,8.292496211214061e-14,5.336566592667772e-15,1.1283416776651163e-13
2133,7.693279175857934e-16,8.44714412297799e-14,2.29830695593208e-13,2.291306521675955e-16,4.151335861646259e-15,1.6698031981086153e-15,3.859341318380267e-15,5.450619788431312e-16,5.7225530087615335e-15,4.614826526027171e-11,6.185477636059127e-16,7.278085608953586e-14,3.4851213435633333e-14,2.3980152528422804e-14,2.382537200377117e-15,3.3150093781276454e-14,8.414734869272395e-14,3.750202430670654e-14,5.0591587050333315e-14,7.704851280861237e-14,4.962640103447021e-15,1.0509679884398462e-13
2134,8.062579548433745e-16,7.758293159687033e-14,2.151633236901178e-13,2.9786872346327744e-16,5.396631976927212e-15,2.1692397531092706e-15,5.004994105823363e-15,7.059324106616628e-16,7.408163962359018e-15,5.97056793897814e-11,7.9796587697350445e-16,9.09814627261933e-14,4.3558674485437086e-14,2.919541936032196e-14,2.8327214703648964e-15,3.927157665244199e-14,9.666070751674248e-14,4.292496232561969e-14,5.788225434134699e-14,8.712240815109221e-14,5.602825179015237e-15,1.1832694246385033e-13
2135,8.717952206927845e-16,8.033806493279294e-14,2.2126010601558613e-13,2.756603766551512e-16,4.951198933161526e-15,1.8561329861076616e-15,4.2069585278229525e-15,5.918710433469224e-16,6.209238917812221e-15,5.003452478539739e-11,6.695474174277729e-16,7.944548501329074e-14,3.804498092682046e-14,2.6409277374005685e-14,2.6421816100355587e-15,3.6797792331758096e-14,9.403512507132519e-14,4.193002017524045e-14,5.656818509552756e-14,8.620104760905403e-14,5.551612726339707e-15,1.1753363542364944e-13
2136,8.520757741489808e-16,7.898571810182439e-14,2.185361696325939e-13,3.119558390096151e-16,5.657839637696365e-15,2.3090753467483348e-15,5.404213323797969e-15,7.6715595933301e-16,8.065400985235504e-15,6.514744093298583e-11,8.782142855530589e-16,1.0472849269748246e-13,5.014920280783911e-14,3.434997102986338e-14,3.3799346520559948e-15,4.6937167158820955e-14,1.1642031528902205e-13,5.168714761396951e-14,6.969395313595064e-14,1.045107071086149e-13,6.71527195324885e-15,1.4156908838743454e-13
2137,8.689441879705126e-16,7.306500403063553e-14,2.0615992620458847e-13,3.562549718372486e-16,6.381228195946212e-15,2.398195347598023e-15,5.418352676499929e-15,7.596198799970592e-16,7.959645208713376e-15,6.404112911073479e-11,8.511955657362022e-16,9.64874371083611e-14,4.6197111269073757e-14,3.1305066484484794e-14,3.0769304158805553e-15,4.274234486342075e-14,1.0666870142069221e-13,4.740867136508434e-14,6.393358320651291e-14,9.626717583549947e-14,6.18932522713424e-15,1.306267284758979e-13
2138,7.682878017904293e-16,8.709208440709658e-14,2.363769157054036e-13,3.5274706994688575e-16,6.378200761425333e-15,2.4967085000945045e-15,5.651575965820782e-15,7.913129963104253e-16,8.287936598528684e-15,6.66427341133106e-11,8.835387263720107e-16,9.894412243018044e-14,4.73712042572713e-14,3.188829000174947e-14,3.111686666462712e-15,4.317264234966468e-14,1.0661562608761677e-13,4.733313537253292e-14,6.382349512976787e-14,9.580277503180194e-14,6.157311071035459e-15,1.2987430161825095e-13
2139,8.963376796793956e-16,7.975370867496559e-14,2.2089831417422172e-13,3.594800506082129e-16,6.5159406579516475e-15,2.637692312204262e-15,6.121525643580193e-15,8.651299287994864e-16,9.0831090844535e-15,7.324277893667446e-11,9.80263133611586e-16,1.1133787943422523e-13,5.3302868127024243e-14,3.558538314251634e-14,3.4423883500323518e-15,4.7698608206767404e-14,1.1642606386122906e-13,5.1605637027063114e-14,6.957047537027921e-14,1.0378526046734446e-13,6.6641591943576755e-15,1.4032259363701693e-13
2140,8.44905958779467e-16,7.467361589209138e-14,2.10394176001428e-13,3.7713509921848797e-16,6.8205048953012875e-15,2.6766904555822015e-15,6.068262233741523e-15,8.499461804880706e-16,8.902515729586771e-15,7.158722511109261e-11,9.489544602136984e-16,1.0541030532827933e-13,5.0464356540084195e-14,3.3734585161643323e-14,3.2749668579584637e-15,4.540412842607697e-14,1.112032948263902e-13,4.929790142412173e-14,6.646029951494356e-14,9.915854791134901e-14,6.3670628516136994e-15,1.3406703461261526e-13
2141,7.4352668569617535e-16,7.944824316183311e-14,2.209890715411252e-13,3.5562534008190287e-16,6.410832275227563e-15,2.4381739556060286e-15,5.469334786948393e-15,7.645666397009173e-16,8.00546442256039e-15,6.435338689982387e-11,8.527246864493563e-16,9.499201833872358e-14,4.54765233573308e-14,3.032460864930088e-14,2.9311735681450015e-15,4.0609223312551005e-14,9.908518268322562e-14,4.393237503881879e-14,5.92287338660961e-14,8.856572890489665e-14,5.689772685146556e-15,1.1993011865911877e-13
2142,7.267547315911705e-16,8.898422959156758e-14,2.416242670117333e-13,2.71566928491076e-16,4.902797325674358e-15,1.9138772879663493e-15,4.395835355724217e-15,6.203285703062692e-16,6.511887036148986e-15,5.250688589271653e-11,7.035468168032592e-16,8.232461776483975e-14,3.941968992580493e-14,2.6966956320764157e-14,2.664649011982638e-15,3.704178485178984e-14,9.307171330498778e-14,4.140594541212865e-14,5.5845327609327534e-14,8.43900156662093e-14,5.428463416494397e-15,1.1467526684353952e-13
2143,8.379635937503287e-16,7.91185060547866e-14,2.2086844558958587e-13,3.76603926881704e-16,6.82001132005799e-15,2.723043628444097e-15,6.231295943000654e-15,8.747545003595266e-16,9.166459173109597e-15,7.374155651706221e-11,9.78110331955046e-16,1.0707211394123914e-13,5.12551492542117e-14,3.382353858877702e-14,3.248428842571738e-15,4.496610104446127e-14,1.0881765756226784e-13,4.81815374194161e-14,6.494587609117507e-14,9.654211253972401e-14,6.196316983190325e-15,1.3037336877521485e-13
2144,7.973022763867527e-16,8.036975444748132e-14,2.2397299203734328e-13,3.946136506111564e-16,7.081837270224387e-15,2.7027046070197883e-15,6.15081171514488e-15,8.645657700035223e-16,9.065494316934896e-15,7.29960493629451e-11,9.727394711025185e-16,1.0991629599260055e-13,5.2622271839421704e-14,3.507354935517059e-14,3.3729843867573323e-15,4.667190188554105e-14,1.1179572942656972e-13,4.940279649884099e-14,6.657562787802622e-14,9.82651244271482e-14,6.30098858616382e-15,1.323587452558883e-13
2145,8.596989966465098e-16,8.505901430838863e-14,2.3438727535942786e-13,1.74389094762846e-16,3.163544819976688e-15,1.2956059386608645e-15,3.0427026014508302e-15,4.3264518495604212e-16,4.550786058769594e-15,3.6780704543366376e-11,4.970240833407103e-16,6.005496981991223e-14,2.87586927586696e-14,1.981865394080168e-14,1.9625597428872164e-15,2.7289475057641987e-14,6.907573729181441e-14,3.0797697090501906e-14,4.1550022525978966e-14,6.351057610462134e-14,4.093863617825803e-15,8.683585624003588e-14
2146,9.214715955902402e-16,7.944716488140725e-14,2.2287653980865173e-13,2.526443269987642e-16,4.565754936472699e-15,1.7748224839478969e-15,4.000630495898707e-15,5.594046853220181e-16,5.8571116201784206e-15,4.707967760044544e-11,6.235266607019452e-16,7.012951463940978e-14,3.357750968226384e-14,2.2830040394328142e-14,2.258794564571782e-15,3.1422067984994755e-14,8.000669955186765e-14,3.568874004978068e-14,4.815094373306393e-14,7.358675853444699e-14,4.741947829268479e-15,1.0050855953888655e-13
2147,8.251417791146087e-16,8.188737734347234e-14,2.28467629094058e-13,2.8315321375892176e-16,5.135387276088979e-15,2.096273136409697e-15,4.90881123175746e-15,6.970766601823404e-16,7.329475027204437e-15,5.921193623460806e-11,7.987490240452477e-16,9.589322007840665e-14,4.592009635823132e-14,3.159924498872472e-14,3.1172195309686536e-15,4.329734673948752e-14,1.0731990867148731e-13,4.763310737328702e-14,6.422528345298491e-14,9.623195766808815e-14,6.182998031457032e-15,1.3034291127544253e-13
2148,7.843267515168871e-16,7.616487236853315e-14,2.1673386694769945e-13,2.59361612045481e-16,4.703844552833749e-15,1.919287347325792e-15,4.491348480422509e-15,6.375479791570659e-16,6.702729868199417e-15,5.4140108625879675e-11,7.297993196617812e-16,8.682126320744935e-14,4.1573466725767015e-14,2.8393197772330967e-14,2.790410129225489e-15,3.8752703083769807e-14,9.664557511059158e-14,4.2970600972051357e-14,5.795188770257254e-14,8.747817462671068e-14,5.626897347288893e-15,1.1886670520073143e-13
2149,6.919661117267266e-16,7.783874183044158e-14,2.2085097977177778e-13,3.2504650422361243e-16,5.8614350328411e-15,2.2905259841812804e-15,5.280373098114543e-15,7.460351159556013e-16,7.833789800864445e-15,6.318682972132101e-11,8.475759430632341e-16,9.942393602737632e-14,4.760731990729317e-14,3.251802320533852e-14,3.2006241686765513e-15,4.4453758165932443e-14,1.1033633077185694e-13,4.897870265435412e-14,6.604039141898604e-14,9.89255109684841e-14,6.355167612122612e-15,1.3392957407543056e-13
2150,7.789104286789989e-16,8.439559286628357e-14,2.353355519117154e-13,3.3083035500109724e-16,5.9936921283313945e-15,2.4094860733753752e-15,5.566464675510375e-15,7.858660641407695e-16,8.249498837201962e-15,6.651209740145795e-11,8.904097172041137e-16,1.0242284674339414e-13,4.903746771095824e-14,3.2889026711351545e-14,3.1789620168531135e-15,4.402625648526032e-14,1.0661833795054304e-13,4.7202565766363314e-14,6.362556846821883e-14,9.459629431211487e-14,6.0722515739469746e-15,1.2780588132505622e-13
2151,8.2234020111465615e-16,6.980501065611877e-14,2.0490348538061788e-13,2.9207673627553494e-16,5.258439230561798e-15,1.968303760245429e-15,4.364871972420489e-15,6.073715655299865e-16,6.35164759168708e-15,5.098414470953107e-11,6.721137673038688e-16,7.428636211783705e-14,3.55653381551003e-14,2.3956100840244977e-14,2.3501879828161707e-15,3.26488447336487e-14,8.203511373297833e-14,3.652913110821599e-14,4.927416092273822e-14,7.485970199751963e-14,4.82033465264621e-15,1.0203651405908997e-13
2152,9.35745243169571e-16,8.186809123195919e-14,2.3138702351980355e-13,2.5278029513572898e-16,4.5801384173285405e-15,1.8437240494580833e-15,4.26904422875885e-15,6.036952675790121e-16,6.340741889967428e-15,5.1160399426279585e-11,6.872919405216638e-16,8.207936380366458e-14,3.9305978217143724e-14,2.717494830605676e-14,2.6966313932719698e-15,3.749499949069384e-14,9.405470650956842e-14,4.1824395170857404e-14,5.640664459135661e-14,8.514348982285911e-14,5.476700099157375e-15,1.1569737148592153e-13
2153,8.99080092168408e-16,8.41657221058304e-14,2.367910555144244e-13,3.0242431904248024e-16,5.413860707755387e-15,2.040121449226174e-15,4.624938649564938e-15,6.495327177142663e-16,6.8096512611119455e-15,5.4823695592272736e-11,7.304904478664692e-16,8.350477154358924e-14,3.998171970268473e-14,2.7115807154665457e-14,2.6650011243499347e-15,3.702037164598328e-14,9.253804128174341e-14,4.1152083755436986e-14,5.5500617136105687e-14,8.38478036493832e-14,5.3943828280172496e-15,1.14002340745056e-13
2154,9.741499794958152e-16,8.347233435378836e-14,2.359649990126466e-13,2.6565766039034873e-16,4.8044331601896785e-15,1.893087690540697e-15,4.338220248268388e-15,6.112108845474413e-16,6.413076876765076e-15,5.167941619901419e-11,6.908588324812988e-16,8.013565724108067e-14,3.837066857804307e-14,2.6165595027457842e-14,2.5751785503357885e-15,3.577250100969488e-14,8.942022923617759e-14,3.977698428131989e-14,5.3648361128832865e-14,8.120851004599976e-14,5.226577657379842e-15,1.1053951914545576e-13
2155,1.0415274216885799e-15,8.518322612725529e-14,2.4025699304307345e-13,2.3206218756812363e-16,4.200794907702507e-15,1.6699802892570428e-15,3.831017673725434e-15,5.397261176648012e-16,5.663005401880078e-15,4.563558631537614e-11,6.102754142725739e-16,7.185537067045592e-14,3.4409787903627364e-14,2.3908631354185508e-14,2.4029939030560275e-15,3.3497836709977176e-14,8.638354445613827e-14,3.8559286725592315e-14,5.202737955550047e-14,7.95674853558489e-14,5.127117917670815e-15,1.0865862933339855e-13
2156,1.0123720799644689e-15,8.023527067654019e-14,2.305278086136335e-13,3.4728197180230433e-16,6.284399494670893e-15,2.4839474588604637e-15,5.6472047327969315e-15,7.914330219966582e-16,8.29056970146352e-15,6.66736921107752e-11,8.839749727802729e-16,9.77664915213281e-14,4.680299471399113e-14,3.1040726204918966e-14,2.9845410434087646e-15,4.131343398589612e-14,1.0010436702153089e-13,4.4358692316777694e-14,5.979984241455648e-14,8.937952673988479e-14,5.743155051655831e-15,1.2112205593047705e-13
2157,9.23112406070881e-16,9.689815931267203e-14,2.668967555493614e-13,2.3424218953436715e-16,4.2476032840580126e-15,1.729571682337994e-15,4.038601323822557e-15,5.725820233090974e-16,6.0174405325331934e-15,4.858145741795311e-11,6.535340915922495e-16,7.691817257738269e-14,3.6830517002574496e-14,2.512329900857227e-14,2.474108991447643e-15,3.4378167287913357e-14,8.646563907203724e-14,3.851580146257532e-14,5.195676339845518e-14,7.914264184226896e-14,5.098942101188142e-15,1.0805628144091597e-13
2158,8.673144757289572e-16,8.4734286393726e-14,2.4156445375215636e-13,2.479068501721771e-16,4.491065899643559e-15,1.803192238183287e-15,4.1607197342769565e-15,5.871480246746371e-16,6.162858693250569e-15,4.968305165533732e-11,6.649742263691752e-16,7.726835571336665e-14,3.6997903921366565e-14,2.529881634107968e-14,2.510816891658986e-15,3.4945665852166825e-14,8.951107060138311e-14,3.9967652301571154e-14,5.393074342919369e-14,8.274674733334707e-14,5.335523192083652e-15,1.1322299408440678e-13
2159,8.773694809953123e-16,1.0134158651919884e-13,2.778358041560624e-13,3.495864618145302e-16,6.276558120374013e-15,2.4283099171055903e-15,5.568639930389968e-15,7.843697409765176e-16,8.228716827541382e-15,6.6295957032273e-11,8.851663153931981e-16,1.0167824158122118e-13,4.868398997294126e-14,3.308324269099569e-14,3.2519619458973503e-15,4.516774642948663e-14,1.1258540381913819e-13,5.0042304759924694e-14,6.748638645892793e-14,1.0176514385962468e-13,6.545328100451178e-15,1.3825670728358242e-13
2160,8.897760804964362e-16,1.017141937339808e-13,2.7919030381308837e-13,3.5583949797367333e-16,6.436056729540323e-15,2.5355094217729244e-15,5.7845159091568255e-15,8.123937716280613e-16,8.515247098025552e-15,6.852959792838188e-11,9.108723877901865e-16,1.0127437056338444e-13,4.84830245563391e-14,3.2307381849027467e-14,3.1377470386264885e-15,4.352437331353849e-14,1.0796617882044345e-13,4.800119354079229e-14,6.473656191732158e-14,9.783771185542454e-14,6.295539188041453e-15,1.3309775888856567e-13
2161,8.713518356163186e-16,9.908051285203938e-14,2.7424864031651574e-13,2.9465816482627254e-16,5.339335415601593e-15,2.152468487538305e-15,4.990315324486377e-15,7.060104696330627e-16,7.416197050678974e-15,5.984501993794875e-11,8.042312511363167e-16,9.589567214072155e-14,4.5921770688129734e-14,3.1718466286399664e-14,3.1495525775345777e-15,4.380366755188375e-14,1.1039379100991602e-13,4.913748342679228e-14,6.62777506978353e-14,1.004551418310549e-13,6.465741788302649e-15,1.367550095332876e-13
2162,9.492889504801413e-16,1.015019006450201e-13,2.801707620776254e-13,3.4123813053570187e-16,6.186198717300716e-15,2.5086226813043125e-15,5.8313235665657355e-15,8.248026160071305e-16,8.661916799149384e-15,6.986893513463263e-11,9.363908432157992e-16,1.0740834045253524e-13,5.142411561597134e-14,3.458505276379354e-14,3.3739624248403496e-15,4.682321664182919e-14,1.1642880795490069e-13,5.1765970941618786e-14,6.981391933130164e-14,1.0544790997109006e-13,6.783961228482367e-15,1.433652910103692e-13
2163,9.674844117216573e-16,1.1614278530380272e-13,3.1209814356778554e-13,4.0080284039695324e-16,7.187130162257301e-15,2.715501271721981e-15,6.142861567680536e-15,8.617378584153834e-16,9.031533445298891e-15,7.268444282862409e-11,9.672080753530819e-16,1.1043087597724166e-13,5.287421862321594e-14,3.5883949046026446e-14,3.52527864664279e-15,4.896316826050884e-14,1.2202932031563085e-13,5.42294217235233e-14,7.313091441502986e-14,1.1011987331603876e-13,7.080690602653974e-15,1.4948276152510685e-13
2164,1.0139071550335452e-15,1.2133454566269358e-13,3.235531697355968e-13,3.285798761841414e-16,5.957385552947802e-15,2.420645402064574e-15,5.641086759662018e-15,7.991150674583752e-16,8.396304007677315e-15,6.77698743683037e-11,9.109208036496084e-16,1.0733928336452569e-13,5.139788692426301e-14,3.510962691973655e-14,3.4474082438357688e-15,4.785369981010659e-14,1.181326824452471e-13,5.242506439409108e-14,7.068598241141221e-14,1.0603528560381907e-13,6.815786258267465e-15,1.4382561806937015e-13
2165,1.114613257038627e-15,1.2145613594870317e-13,3.244006946605676e-13,1.882201872914684e-16,3.4138305765408994e-15,1.3946323427345312e-15,3.268126435101926e-15,4.642446787864065e-16,4.881829093567824e-15,3.9443364189436896e-11,5.323874227418403e-16,6.475420916966537e-14,3.101236050214396e-14,2.1833961247716133e-14,2.221457254274269e-15,3.1031832116087786e-14,8.199761844996826e-14,3.675709418111502e-14,4.962278145120209e-14,7.727411945213649e-14,4.9938734457145654e-15,1.064238979773228e-13
2166,1.1882488698297277e-15,1.2820422179735962e-13,3.3912175406916656e-13,2.386890161754653e-16,4.326006750674916e-15,1.7485949520828608e-15,4.058941733452801e-15,5.743516877718372e-16,6.033362049744638e-15,4.8687154363666816e-11,6.542736082267651e-16,7.809986852463846e-14,3.740059124147114e-14,2.596132760335958e-14,2.6022985937935157e-15,3.6265774640278723e-14,9.396117953113542e-14,4.2031216810942164e-14,5.672863103238489e-14,8.775003192583372e-14,5.665890730412569e-15,1.2055285588718104e-13
2167,1.213137759237313e-15,1.2360400101269332e-13,3.297469431079219e-13,3.285908874766628e-16,5.957646162155455e-15,2.4205481316430677e-15,5.639068720087937e-15,7.986633043719391e-16,8.391015224000608e-15,6.772172408202928e-11,9.099881683055366e-16,1.0740321996409051e-13,5.143011974596817e-14,3.539087282146406e-14,3.5183743984050597e-15,4.8960628232171535e-14,1.2451575969402546e-13,5.551054783219385e-14,7.48886903438726e-14,1.1418794301747047e-13,7.356116391750328e-15,1.5584087634831293e-13
2168,1.1908812138665912e-15,1.245292094684258e-13,3.3232580636709226e-13,4.1287033282638043e-16,7.453488103498477e-15,2.935924181213319e-15,6.781459561397402e-15,9.585297349351902e-16,1.0066087951157818e-14,8.120113549475658e-11,1.0895748828458934e-15,1.2786033622902938e-13,6.122333708513799e-14,4.178139197719903e-14,4.109388958007011e-15,5.70751407102918e-14,1.4220119891392375e-13,6.320686633343836e-14,8.524029564140713e-14,1.2859433856321372e-13,8.271980482405446e-15,1.7477856001660258e-13
2169,1.2300280312045702e-15,1.2156550729468712e-13,3.2653958795574164e-13,3.4935411966055374e-16,6.333653919378282e-15,2.5711552488438137e-15,5.985036811398536e-15,8.472686523325129e-16,8.900349252329153e-15,7.181853668122021e-11,9.64180269677396e-16,1.1276575163591035e-13,5.399524171041143e-14,3.6899206941576195e-14,3.647690898773829e-15,5.071866589159004e-14,1.2814955728691195e-13,5.709479345951822e-14,7.702049158967791e-14,1.1728111612402318e-13,7.554943267873016e-15,1.600511848765911e-13
2170,1.3116057354183067e-15,1.3298537119758747e-13,3.515197219860084e-13,3.8676165584496055e-16,7.008926690763039e-15,2.8280209933513805e-15,6.540807219293454e-15,9.228882166241528e-16,9.68504624553906e-15,7.805293378945284e-11,1.0424535436171396e-15,1.17792175278369e-13,5.6393551332994746e-14,3.78389170073856e-14,3.697928352528025e-15,5.134854712635973e-14,1.289522762666274e-13,5.745446933122648e-14,7.750699406803962e-14,1.1820145960404492e-13,7.616893647827877e-15,1.6147716770053203e-13
2171,1.3639758349523093e-15,1.4276367617497087e-13,3.728404767093803e-13,4.0460346921320293e-16,7.325787492979807e-15,2.9202993169015684e-15,6.702617611080137e-15,9.439589183434777e-16,9.902869223398023e-15,7.978573781751784e-11,1.0657731983105398e-15,1.2371978058352671e-13,5.924095070978753e-14,4.057820191705408e-14,4.021957633434376e-15,5.594780745771458e-14,1.420620091399142e-13,6.333865510804871e-14,8.54509414843721e-14,1.3042633392953334e-13,8.404119058163555e-15,1.7812558221906225e-13
2172,1.3382681009080652e-15,1.4691551789452683e-13,3.820197547914187e-13,3.9469451948644547e-16,7.156466550327745e-15,2.9100212926924237e-15,6.789607995034195e-15,9.626967592302513e-16,1.0118215852839003e-14,8.17016414521934e-11,1.1002707199286218e-15,1.3170471403067036e-13,6.306993595898664e-14,4.360816787177127e-14,4.343239547149083e-15,6.044690101720573e-14,1.5364328938009285e-13,6.847896885385892e-14,9.238130945780882e-14,1.407309499511951e-13,9.065023609313899e-15,1.9200862532770614e-13
2173,1.4864305873648792e-15,1.4770463263440413e-13,3.838497476366854e-13,4.110524979942711e-16,7.44764560614067e-15,2.996214798745018e-15,6.919755930660899e-15,9.766384498051331e-16,1.0251368784993505e-14,8.264640214175895e-11,1.1063941895866507e-15,1.2941327261687072e-13,6.196883131056105e-14,4.259350809183337e-14,4.2330101180290954e-15,5.890607813600715e-14,1.5006812641695694e-13,6.693994423591938e-14,9.031496350221782e-14,1.3813000353769455e-13,8.903469073779558e-15,1.8882908160503018e-13
2174,1.4897232667797046e-15,1.5011583605010727e-13,3.8923950741180166e-13,4.120032777580633e-16,7.42621381770297e-15,2.8608603282192795e-15,6.499583353167868e-15,9.133027144366955e-16,9.576846618553647e-15,7.712326295714752e-11,1.029296025434431e-15,1.2131361242695184e-13,5.809605944650452e-14,4.0583205912907723e-14,4.100823910021639e-15,5.72173513752755e-14,1.49259765908205e-13,6.677340002980384e-14,9.012216039052591e-14,1.391675920205885e-13,8.981475229292319e-15,1.9089765612391224e-13
2175,1.5910935311606577e-15,1.4026082909757848e-13,3.6868410606777606e-13,4.29007228685146e-16,7.779402309011937e-15,3.167912333069141e-15,7.400025675525242e-15,1.049697776789577e-15,1.103384068458415e-14,8.910645994360355e-11,1.2005243626452013e-15,1.4420995018701337e-13,6.906015933192045e-14,4.796283355264296e-14,4.802413759193786e-15,6.690247624362237e-14,1.72054599659672e-13,7.683114171704654e-14,1.0367354435311085e-13,1.590374550634639e-13,1.0253831614341419e-14,2.175454560639649e-13
2176,1.7586142922415502e-15,1.5055467470028054e-13,3.911882913843873e-13,5.826076220925915e-16,1.054640693420773e-14,4.188855638701147e-15,9.5709718622437e-15,1.3448568058820247e-15,1.409921524625838e-14,1.1350230249255056e-10,1.5113405889674603e-15,1.7326706936070393e-13,8.296372351168637e-14,5.676818093811632e-14,5.636302988898148e-15,7.843273770821696e-14,1.995633642756293e-13,8.895851956960248e-14,1.2001068228048797e-13,1.8272845752701428e-13,1.1767225848669606e-14,2.4908959594452563e-13
2177,1.7545546677233634e-15,1.5304154566035028e-13,3.970147622736959e-13,6.401020669541014e-16,1.156567626952716e-14,4.531906782331036e-15,1.037363870854591e-14,1.4604899894805838e-15,1.5320346984991832e-14,1.2341885530742487e-10,1.6474641770822725e-15,1.8905914219504246e-13,9.052222005007715e-14,6.157472447560416e-14,6.072296544301485e-15,8.440034481176814e-14,2.1212245835141578e-13,9.439185477810325e-14,1.2731302735418126e-13,1.926374680902366e-13,1.2394581815280281e-14,2.6196004951739167e-13
2178,1.818868481333716e-15,1.6118997940233873e-13,4.146776163450241e-13,6.244060404776043e-16,1.1305251985610765e-14,4.523539097198774e-15,1.0463512410498927e-14,1.4787215418852383e-15,1.5527370372334993e-14,1.252376098755809e-10,1.679111370234387e-15,1.9582251323199181e-13,9.376389417687635e-14,6.391092123285261e-14,6.290426773560974e-15,8.738451729949275e-14,2.1797643231699764e-13,9.687525184822826e-14,1.306420270067169e-13,1.9676728723185154e-13,1.2652350769440377e-14,2.6711129169275855e-13
2179,1.7418517136732105e-15,1.6949785802316808e-13,4.326219679543844e-13,6.188336998296796e-16,1.1192675063770893e-14,4.41030527987191e-15,1.005118002562525e-14,1.410663401277982e-15,1.4783230989178094e-14,1.1894562238726167e-10,1.5796718564188473e-15,1.7594619352157102e-13,8.423369542040186e-14,5.6484433869228584e-14,5.518273843343178e-15,7.660804196475077e-14,1.9110415865792437e-13,8.500521018705301e-14,1.1464838323256113e-13,1.7353465542405676e-13,1.116885244578218e-14,2.362283052721944e-13
2180,1.7455022136999362e-15,1.7097574647568854e-13,4.3590779286578184e-13,4.752532900821015e-16,8.602054822946596e-15,3.4224499950921202e-15,7.888893652458113e-15,1.1143366912626583e-15,1.1701008066585736e-14,9.438147904795926e-11,1.2666554453660587e-15,1.5054097930308356e-13,7.20895402139723e-14,4.981348961649495e-14,4.960175725715398e-15,6.90330276303543e-14,1.7574649483136e-13,7.837717448998683e-14,1.0574320376154077e-13,1.616291780212528e-13,1.0417750573413008e-14,2.209383513686843e-13
2181,1.8814980787161544e-15,1.75060766147675e-13,4.4494251817123354e-13,4.0257593436825393e-16,7.301065106006755e-15,2.9779470032542287e-15,6.9644928125613745e-15,9.88259197323819e-16,1.0388805664175866e-14,8.390372638564665e-11,1.130610672549603e-15,1.3585546027980298e-13,6.505991254117371e-14,4.528881649788215e-14,4.552619833855443e-15,6.347461389097085e-14,1.6515357243873457e-13,7.391701732437317e-14,9.977071513453544e-14,1.5459048879148388e-13,9.983571739355969e-15,2.1248281137898796e-13
2182,1.8169615685650383e-15,1.7936809946796306e-13,4.543090011991111e-13,3.4355873339115436e-16,6.168212201357998e-15,2.3937788499159806e-15,5.549470889498066e-15,7.876418238229097e-16,8.283419328718229e-15,6.694827395336507e-11,9.064077039641443e-16,1.1595657487500923e-13,5.555033710785497e-14,4.070253029418677e-14,4.286512956307517e-15,6.019176733765878e-14,1.6619702840748447e-13,7.48583635346646e-14,1.0111735425420351e-13,1.5959132464271728e-13,1.0327806790568075e-14,2.205635919319022e-13
2183,1.6882864120507638e-15,1.9164621525341512e-13,4.804973810441994e-13,6.573571582874798e-16,1.1916596095438483e-14,4.832153564545747e-15,1.1249393518800227e-14,1.593501499761617e-15,1.6743445091774564e-14,1.351517509897127e-10,1.817592886046597e-15,2.1633619791963626e-13,1.0359653634263898e-13,7.156259746452861e-14,7.12005325923571e-15,9.906464650842655e-14,2.5039924294358326e-13,1.1146619306416197e-13,1.5034890436699635e-13,2.2776908914321617e-13,1.4657905824092805e-14,3.099198069037251e-13
2184,1.7590390972190476e-15,1.9992488615635573e-13,4.980842699351078e-13,5.924217006718096e-16,1.0748252782833704e-14,4.409551787073686e-15,1.0375382804941756e-14,1.4767361787357578e-15,1.5537644565170753e-14,1.2562543763815741e-10,1.7001176563549212e-15,2.0693590017321516e-13,9.9098072337478e-14,6.840350135097099e-14,6.767705473187025e-15,9.407004304920221e-14,2.363600890918149e-13,1.0521490742237677e-13,1.419189734942109e-13,2.1541405408965133e-13,1.3869721004278892e-14,2.9355960273670876e-13
2185,2.0859175950066673e-15,2.003915330163263e-13,4.990042235619764e-13,5.565946062901405e-16,1.0092993281382607e-14,4.109769040840836e-15,9.596545241341327e-15,1.3608124420190156e-15,1.430246334413922e-14,1.1548582603614295e-10,1.5549252456959915e-15,1.8639773607197385e-13,8.926393636036531e-14,6.216583669678796e-14,6.255751678777329e-15,8.722922300789476e-14,2.2622233261111926e-13,1.0111109655932712e-13,1.3645065339761987e-13,2.0986238860179303e-13,1.3534870463614287e-14,2.87310517242659e-13
2186,2.2879589457790936e-15,2.089601018989107e-13,5.17152439403586e-13,5.90597549095684e-16,1.0710503755517718e-14,4.36652276241575e-15,1.0207872314836219e-14,1.4482554069282599e-15,1.5223745175652444e-14,1.229465339744075e-10,1.6564870954704719e-15,1.99292730729377e-13,9.54406165833806e-14,6.655425323704346e-14,6.692931323503907e-15,9.329774402612477e-14,2.4071707139775716e-13,1.074868875958676e-13,1.4503732166104277e-13,2.2225417841649264e-13,1.4326626041926202e-14,3.0383402487003917e-13
2187,2.07330903176615e-15,2.2541947495344245e-13,5.51965845161409e-13,6.211499901406646e-16,1.1268120988695156e-14,4.61488453828558e-15,1.0841023402471695e-14,1.5420005974328357e-15,1.6221592755453643e-14,1.3113019931171483e-10,1.7736262262513502e-15,2.1728512718808047e-13,1.0406151865905048e-13,7.271674462113962e-14,7.28717522506629e-15,1.0148793344330463e-13,2.587280439894451e-13,1.153178968216456e-13,1.555689648420559e-13,2.3691237831503526e-13,1.5259356520722702e-14,3.231698554071824e-13
2188,2.2788568271475597e-15,2.3267399735753947e-13,5.669167380888444e-13,5.845272992358255e-16,1.0596538782010614e-14,4.297137280046885e-15,9.994613272724085e-15,1.414811733991852e-15,1.4862853227043433e-14,1.1994144285680554e-10,1.6114685528144833e-15,1.9147670803682082e-13,9.169309741256436e-14,6.353811858401485e-14,6.3621615072610345e-15,8.864660719429569e-14,2.289246426257359e-13,1.0232928621187035e-13,1.3809851810075308e-13,2.1294469362848082e-13,1.3742822395509851e-14,2.921409150314123e-13
2189,2.0385301805205373e-15,2.316569719411671e-13,5.640912757672693e-13,6.235139633489376e-16,1.1295831873423256e-14,4.540001637509026e-15,1.0505345173796572e-14,1.4852114274456996e-15,1.5598354664889487e-14,1.2584426605182795e-10,1.6899964252334582e-15,2.0198836325638636e-13,9.673041229355275e-14,6.734672982274877e-14,6.765159166436495e-15,9.42990594917974e-14,2.4421271716145954e-13,1.0920470134174734e-13,1.4738450452703304e-13,2.276473777796798e-13,1.4695746905033837e-14,3.1255980049612906e-13
2190,2.2744278191893608e-15,2.4330323495415207e-13,5.881570769895842e-13,5.184365558802132e-16,9.322535541227634e-15,3.619912041443344e-15,8.358769307360733e-15,1.1829554469965034e-15,1.2429041347021306e-14,1.0033088214520366e-10,1.3509668732741249e-15,1.658815513082852e-13,7.945235100953326e-14,5.6791159158118235e-14,5.871938336914444e-15,8.225539017192161e-14,2.2408611800045838e-13,1.0091063488977031e-13,1.3630864714584622e-13,2.1576157476817388e-13,1.3974462737526019e-14,2.989668668500846e-13
2191,2.416193071932778e-15,2.861031387121261e-13,6.785602810800936e-13,6.742589246161395e-16,1.2219451316034363e-14,4.9368663600263045e-15,1.1473129508438742e-14,1.6247223294168812e-15,1.7071070356089074e-14,1.3779712304450806e-10,1.8539337304672714e-15,2.2395207483810967e-13,1.0725576239338175e-13,7.556249029281647e-14,7.705899527096254e-15,1.0770488883572923e-13,2.8693264241239087e-13,1.2879513396986453e-13,1.7390424685568283e-13,2.7187739542115193e-13,1.75759868996136e-14,3.746977026150044e-13
2192,2.4876987728160828e-15,2.897120363071034e-13,6.84092128025798e-13,7.099898428954052e-16,1.2871940747857396e-14,5.2324769343833395e-15,1.2248584080861192e-14,1.7410014816838627e-15,1.8313183106757254e-14,1.4802817913957677e-10,2.0029194587553667e-15,2.508905062460168e-13,1.2017637558790744e-13,8.638988984115549e-14,8.936835534804983e-15,1.2514388690282546e-13,3.37147425512282e-13,1.5139462444023543e-13,2.0442446430073065e-13,3.191343483652939e-13,2.0619584381233867e-14,4.39043738850694e-13
2193,2.7568098782332537e-15,2.583382427884718e-13,6.152943055830292e-13,1.0875778616970779e-15,1.9716988006542695e-14,8.002689870192798e-15,1.865180756439956e-14,2.6438896680807627e-15,2.7786461348271024e-14,2.2435570097627225e-10,3.021334662585949e-15,3.6454026775618524e-13,1.7458047815785223e-13,1.2204077108059485e-13,1.2292461933531095e-14,1.713802786380384e-13,4.415215541556897e-13,1.9698864247340053e-13,2.657754151111585e-13,4.0522361594105653e-13,2.6094443833117726e-14,5.522498182543176e-13
2194,2.8601584722395092e-15,2.5810180412284196e-13,6.133839368600825e-13,1.1638250452358248e-15,2.1018405329070217e-14,8.302317991838763e-15,1.9084384606848368e-14,2.6921055557948147e-15,2.825742143316261e-14,2.2782213012695712e-10,3.052378105402594e-15,3.6181162640148794e-13,1.7326323337193232e-13,1.2011617611022104e-13,1.2005506362880772e-14,1.6717814763902564e-13,4.265103102030712e-13,1.901120128102032e-13,2.564697005127664e-13,3.901315764013323e-13,2.511779033687854e-14,5.314417066358521e-13
2195,2.9780318528718206e-15,2.875096360697149e-13,6.748925557396482e-13,1.015806738173396e-15,1.833628293398443e-14,7.230013733390595e-15,1.6649922005456486e-14,2.3519108611456073e-15,2.469751355645624e-14,1.992336586497411e-10,2.6759590381396025e-15,3.2319977100659606e-13,1.5478736294546562e-13,1.087095354822578e-13,1.0988625565851706e-14,1.5328013042350622e-13,3.971194505768379e-13,1.773654161659149e-13,2.39332937386931e-13,3.666542846132081e-13,2.362959199800966e-14,5.008507542737289e-13
2196,2.9498588902397036e-15,3.1780660650294207e-13,7.372804645962361e-13,8.280611938577514e-16,1.5013521326024538e-14,6.112597888479977e-15,1.433952466188317e-14,2.040088512858522e-15,2.146448623139531e-14,1.7355019577116658e-10,2.3504346081012506e-15,2.938328287289226e-13,1.407407740273342e-13,1.0050175448269692e-13,1.0302441419672706e-14,1.4401718386980274e-13,3.801939053127727e-13,1.701853138897769e-13,2.297062775398756e-13,3.544651928089407e-13,2.2865313894826596e-14,4.854473151379938e-13
2197,3.088973549702581e-15,3.2795103367615675e-13,7.558298354454625e-13,9.770238413543942e-16,1.768281373154107e-14,7.096306549663567e-15,1.648743064949542e-14,2.3346756842645228e-15,2.4529732416259488e-14,1.9799155433078956e-10,2.6626521070843665e-15,3.18479851605055e-13,1.5251672316214904e-13,1.0630695208653866e-13,1.0720351599023892e-14,1.4954486816778167e-13,3.891488633157013e-13,1.7396338024034193e-13,2.3476920235765524e-13,3.6092589369766614e-13,2.327260076931802e-14,4.937657668527595e-13
2198,3.3274068600438866e-15,3.1961610223132685e-13,7.347397551162137e-13,8.745909059230411e-16,1.5865528708798383e-14,6.49851263292428e-15,1.5292745305400613e-14,2.178253567844901e-15,2.292552672245495e-14,1.8543455051808106e-10,2.514943368569891e-15,3.151287673664825e-13,1.5093769763770828e-13,1.0711522811104925e-13,1.0874446200548496e-14,1.5174683404413992e-13,3.9396003671452515e-13,1.760129367395714e-13,2.3751915902353447e-13,3.646893572053249e-13,2.3514198413505463e-14,4.988953002801825e-13
2199,3.633217586922733e-15,3.177887533118165e-13,7.278040561319794e-13,6.867058040602369e-16,1.2454796581442148e-14,5.092469337148939e-15,1.1992478551923181e-14,1.70962268298788e-15,1.7998598225059403e-14,1.456391826285474e-10,1.9787930924345283e-15,2.525438295807973e-13,1.2097476058981215e-13,8.738656006953044e-14,9.05385226642173e-15,1.2680364171604742e-13,3.430920466606364e-13,1.5427517059254455e-13,2.0835317860926374e-13,3.276598757612764e-13,2.119806171312527e-14,4.5249405202893105e-13
2200,3.746124948947346e-15,3.6551342370508534e-13,8.259011577942441e-13,7.375479081679527e-16,1.3373720756688445e-14,5.449191051482435e-15,1.2799024366056806e-14,1.8231525368616052e-15,1.9190460736868488e-14,1.5525540000059813e-10,2.108742647931251e-15,2.719272553874713e-13,1.302719960556267e-13,9.562361563957759e-14,1.0090005319208533e-14,1.4174517292015178e-13,3.9388632937763216e-13,1.7761136957821062e-13,2.399471646686917e-13,3.7993788258337585e-13,2.4592620429267542e-14,5.25263096074742e-13
2201,3.968461095492523e-15,3.879482146758901e-13,8.6866498376319e-13,1.2361970134021323e-15,2.2386497407882613e-14,9.036158911983869e-15,2.1090273637391738e-14,2.993142231291191e-15,3.14689044888728e-14,2.5421003298748244e-10,3.4301777366059793e-15,4.2011262411812405e-13,2.0121229912520382e-13,1.427529744645993e-13,1.463574792059536e-14,2.046983609027693e-13,5.453768216721553e-13,2.4445588123200675e-13,3.3000464224436605e-13,5.107207227416658e-13,3.2945191139695833e-14,6.992089592082174e-13
2202,3.584640855669545e-15,4.2362673314924325e-13,9.379711730635146e-13,1.4179717451846646e-15,2.5728833302020342e-14,1.0570654845944278e-14,2.4914649668793726e-14,3.550437582223264e-15,3.7372157057189966e-14,3.0233438738698953e-10,4.103188449320066e-15,5.192631211055408e-13,2.4872948577609244e-13,1.7844724774199187e-13,1.8309747239138013e-14,2.5590658737014003e-13,6.699141875533504e-13,2.9911133380139214e-13,4.035829628027057e-13,6.141560501585955e-13,3.951161729500562e-14,8.34362007234487e-13
2203,3.29804190123683e-15,3.229538229461427e-13,7.14924687900669e-13,1.6573926528184444e-15,3.004790868555573e-14,1.2221070361995247e-14,2.862034055588205e-14,4.068161346215485e-15,4.2791239187593507e-14,3.458741432656485e-10,4.678164748542132e-15,5.788834572017923e-13,2.7725705996979304e-13,1.9575031647777018e-13,1.975512860194986e-14,2.7529904670705775e-13,6.96780305455907e-13,3.09448038999011e-13,4.1724959112044547e-13,6.222543397632376e-13,3.991656342603296e-14,8.384742689937728e-13
2204,2.9396655220309215e-15,2.430087320518453e-13,5.382557942455185e-13,1.3138492453602716e-15,2.38059207335985e-14,9.590106272636311e-15,2.221788760174125e-14,3.141461266273338e-15,3.299263342504929e-14,2.661670144835743e-10,3.573036338523088e-15,4.246806410463429e-13,2.0336893926430661e-13,1.406787507595342e-13,1.3966229586359602e-14,1.9415048452898268e-13,4.810348769592844e-13,2.1308572701826767e-13,2.872284165682046e-13,4.2480299976977594e-13,2.7222151056248683e-14,5.708013969104001e-13
2205,1.4013876765217907e-15,1.4600517207485913e-13,3.2681739268364133e-13,8.778608225581131e-16,1.5926967510140076e-14,6.533891389941496e-15,1.5370699103368978e-14,2.187402836832005e-15,2.3013938189694834e-14,1.8606217025767066e-10,2.5174360798349147e-15,3.0617673952209935e-13,1.4662176645526284e-13,1.0086552094960353e-13,9.873500716056982e-15,1.3687101562694096e-13,3.2902087706253886e-13,1.4516849173733885e-13,1.9558560204482845e-13,2.857641289550349e-13,1.8287236333537152e-14,3.825989207251161e-13
2206,8.332120916065758e-16,8.908195271075694e-14,2.0356501080721957e-13,3.069539694054319e-16,5.5657811249573306e-15,2.2640297244956665e-15,5.2786424238783105e-15,7.476513230564263e-16,7.85473228928871e-15,6.338775229235279e-11,8.510546987796277e-16,9.870484988149286e-14,4.7260116269080717e-14,3.21315841901314e-14,3.1792581989689657e-15,4.4239446761822756e-14,1.1363635464972276e-13,5.079879789647847e-14,6.85565727530474e-14,1.057619292169729e-13,6.8252463505383906e-15,1.450508644139373e-13
2207,7.874992456585167e-16,9.156971470948034e-14,2.0800965804411415e-13,2.2074396129441352e-16,4.006840815459202e-15,1.6550365652989532e-15,3.921366580390866e-15,5.601664676695469e-16,5.900444437193396e-15,4.777396399445429e-11,6.505111579726856e-16,8.412671514805586e-14,4.030199656244694e-14,2.9485565686273835e-14,3.0952996334642098e-15,4.344122492355946e-14,1.1941871140448634e-13,5.375640490392832e-14,7.260748245544072e-14,1.1421469362145557e-13,7.385913792296263e-15,1.574857158075904e-13
2208,8.122476723511307e-16,8.964896572425935e-14,2.02904789762907e-13,3.9466773710338955e-16,7.160479751731376e-15,2.937865563119099e-15,6.9122747633079254e-15,9.83765838629595e-16,1.0350586945847456e-14,8.368479933855435e-11,1.132464249477567e-15,1.3918565402635181e-13,6.666089101900856e-14,4.697300818169685e-14,4.7635593080702874e-15,6.648029285201796e-14,1.7255438999923667e-13,7.702775830097919e-14,1.0393091250749687e-13,1.5850874808739289e-13,1.0205176283134445e-14,2.1585896726973062e-13
2209,7.311149282918248e-16,9.09233198828219e-14,2.0459079579640166e-13,3.2202873972527146e-16,5.845943100421295e-15,2.41826110830704e-15,5.737311618248258e-15,8.200659789093637e-16,8.639514264107678e-15,6.9965310222695e-11,9.53336732590957e-16,1.2267803433985804e-13,5.876636840095295e-14,4.239924417733442e-14,4.363631612042831e-15,6.100829770582352e-14,1.6011332397962724e-13,7.153477912327542e-14,9.65288655126855e-14,1.4756571803156897e-13,9.503260031749404e-15,2.011079930254725e-13
2210,8.509853029696943e-16,9.948336231362637e-14,2.216667385652691e-13,4.441992356446672e-16,8.045856711812896e-15,3.2296478572265784e-15,7.479039665602816e-15,1.0576892378551755e-15,1.110891523373916e-14,8.962784958973555e-11,1.203436266367372e-15,1.4230504224499361e-13,6.81433057046064e-14,4.686366639538287e-14,4.644797936257427e-15,6.459076989950564e-14,1.6268350405925892e-13,7.23958840454946e-14,9.764574160377565e-14,1.4765788710721032e-13,9.497938799889172e-15,2.005968192570165e-13
2211,1.0037120432872196e-15,1.0599384258322419e-13,2.3416715177561677e-13,3.1942019943792954e-16,5.795377505815087e-15,2.3779251554738755e-15,5.594120303163732e-15,7.960956663672741e-16,8.375815299091032e-15,6.771650293971707e-11,9.1625460714875e-16,1.1252425513224465e-13,5.389169846283016e-14,3.8004662332413296e-14,3.8715237708076985e-15,5.409851310760789e-14,1.4343382368912054e-13,6.42883988103704e-14,8.678665923153222e-14,1.3438183268321926e-13,8.669330656062716e-15,1.840122707108601e-13
2212,1.061333791859946e-15,1.2173202064108153e-13,2.659063421145327e-13,4.2304107925136806e-16,7.646927708524433e-15,3.06756549440254e-15,7.215605654916664e-15,1.0292750387342917e-15,1.083869006126161e-14,8.773272354295737e-11,1.193924759949305e-15,1.5437511285543275e-13,7.395393344484799e-14,5.3768161763369733e-14,5.570711535184449e-15,7.795626949653548e-14,2.053879618833881e-13,9.169985250008241e-14,1.2372528106781695e-13,1.8780836874422115e-13,1.2074699513349214e-14,2.5462399733808333e-13
2213,1.0612250519834825e-15,1.1341110546716757e-13,2.4551786046974115e-13,6.323493393768362e-16,1.1467691475390365e-14,4.674850108466199e-15,1.09266001744099e-14,1.5501343810245554e-15,1.6294441235321217e-14,1.3159116905459674e-10,1.7727951312356818e-15,2.119701839650009e-13,1.0150523331331182e-13,6.98784438376848e-14,6.895058662202718e-15,9.575199545022113e-14,2.3452227501488026e-13,1.0367880017559206e-13,1.3971719980139073e-13,2.047795172056817e-13,1.3102390426800244e-14,2.739066786718457e-13
2214,5.115655021845893e-16,5.3328761912550484e-14,1.1466998862553247e-13,4.472506723916555e-16,8.08782662658405e-15,3.178255056128103e-15,7.270268928733273e-15,1.0246096736926354e-15,1.0753032175763645e-14,8.668346152136905e-11,1.1613490241761241e-15,1.3801840506501638e-13,6.609302545154324e-14,4.5482428723212056e-14,4.451962591188062e-15,6.168766262081833e-14,1.4600011724769509e-13,6.415318515075797e-14,8.638636023464011e-14,1.2373828961477135e-13,7.891416298772348e-15,1.6400536380079215e-13
2215,5.473177633168342e-18,1.827223026810461e-15,3.898135365999843e-15,5.3794915253208904e-17,9.487243752943593e-16,2.73806128059231e-16,5.039454924839306e-16,6.479402089317429e-17,6.626485335782244e-16,5.1772003985348156e-12,6.151771461380685e-17,3.989143469567519e-15,1.9057758641092403e-15,9.77604745258424e-16,7.725371355579433e-17,1.038984967331129e-15,1.9503006385819638e-15,8.36385332715235e-16,1.1229882306815674e-15,1.4940041927291154e-15,9.443735981285697e-17,1.932914881166472e-15
